 שם ישוב,סמל ישוב,מספר קלפי,בזב,מצביעים,פסולים,כשרים,אמת,ג,ודעם,ז,זך,זץ,טב,י,יז,יך,יץ,כ,ל,מחל,מרצ,נז,ני,נץ,ע,פה,ף,ףץ,קנ,קץ,רק,שס,Address,Latitude,Longitude,מס מפלגה הכי נבחרת,מפלגה הכי נבחרת
ירושלים,3000,1,654,465,15,450,1,275,0,0,0,0,4,0,0,0,0,4,0,28,0,1,0,0,0,0,0,0,1,31,0,105,"מעגלי הרי""ם לוין,27 ",31.803055,35.216529,2,ג
ירושלים,3000,2,519,302,7,295,0,175,0,0,0,0,0,0,0,0,0,0,0,7,0,0,0,0,0,0,0,0,0,20,0,93,"שמואל הנביא,83א",31.792386,35.223373,2,ג
ירושלים,3000,3,618,373,5,368,0,172,0,0,0,0,2,0,0,0,0,0,0,9,1,0,0,0,0,3,0,0,0,28,0,153,"מגן האלף,1 ",31.795147,35.223385,2,ג
ירושלים,3000,4,748,455,4,451,2,292,0,0,0,0,9,0,0,0,0,1,0,7,1,0,0,0,0,1,0,0,0,36,0,102,"פישל אהרן,29 ",31.794537,35.22041,2,ג
ירושלים,3000,5.1,432,100,2,98,0,58,0,0,0,0,0,0,0,0,0,0,0,1,0,0,0,0,0,0,0,0,0,20,0,19,"שבטי ישראל,27 ",31.784399,35.224796,2,ג
ירושלים,3000,5.2,335,68,1,67,0,43,0,0,0,0,2,0,0,0,0,0,0,1,0,0,0,0,0,0,0,0,0,12,0,9,"שבטי ישראל,27 ",31.784399,35.224796,2,ג
ירושלים,3000,6,604,301,5,296,0,209,0,0,0,0,2,0,0,0,0,1,0,5,0,0,0,0,0,0,0,0,0,21,0,58,"מגן האלף,1 ",31.795147,35.223385,2,ג
ירושלים,3000,7,588,333,15,318,0,82,0,1,0,0,2,0,0,0,0,2,0,15,0,0,0,0,0,0,0,1,0,49,0,166,"נטר,40 ",31.795197,35.225008,26,שס
ירושלים,3000,8,426,299,4,295,0,81,0,0,0,0,1,0,0,0,0,4,0,27,0,0,0,0,0,1,0,0,0,23,0,158,"מגן האלף,3 ",31.794847,35.222969,26,שס
ירושלים,3000,9,708,387,4,383,1,146,0,0,0,0,8,0,0,0,0,2,0,18,1,1,0,0,0,2,0,0,0,66,0,138,"פישל אהרן,29 ",31.794537,35.22041,2,ג
ירושלים,3000,10,653,416,5,411,0,200,0,0,0,0,2,0,0,0,0,1,1,11,2,0,0,0,0,0,0,0,0,47,0,147,"מגן האלף,3 ",31.794847,35.222969,2,ג
ירושלים,3000,11,735,399,2,397,0,153,0,0,0,0,2,0,0,0,0,2,1,25,0,0,0,0,0,0,0,0,2,62,0,150,"שמעון הצדיק,23 ",31.794067,35.223988,2,ג
ירושלים,3000,12,638,253,4,249,2,55,0,0,0,0,5,0,0,0,0,1,0,16,0,0,0,0,0,0,0,0,0,72,0,98,"שמעון הצדיק,23 ",31.794067,35.223988,26,שס
ירושלים,3000,13,576,249,0,249,0,78,0,0,0,0,3,0,0,0,0,1,3,8,0,1,0,0,0,0,0,0,1,37,0,117,"שמעון הצדיק,23 ",31.794067,35.223988,26,שס
ירושלים,3000,14.1,421,162,0,162,0,77,0,0,0,0,3,0,0,0,0,1,0,3,0,0,0,0,0,1,0,0,0,29,0,48,"שמעון הצדיק,23 ",31.794067,35.223988,2,ג
ירושלים,3000,14.2,343,132,0,132,1,90,0,0,0,0,1,0,0,0,0,2,0,2,0,0,0,1,0,0,0,0,0,13,0,22,"שמעון הצדיק,23 ",31.794067,35.223988,2,ג
ירושלים,3000,15.1,429,109,2,107,0,73,0,0,0,0,0,0,0,0,0,0,0,2,0,0,0,0,0,0,0,0,0,27,0,5,"דבורה הנביאה,2 ",31.784221,35.223904,2,ג
ירושלים,3000,15.2,356,75,0,75,0,54,0,0,0,0,1,0,0,0,0,1,0,7,0,0,0,0,0,0,0,0,0,10,0,2,"דבורה הנביאה,2 ",31.784221,35.223904,2,ג
ירושלים,3000,16.1,440,136,0,136,4,30,0,0,0,0,14,0,0,0,0,7,5,52,0,5,0,0,0,9,0,0,0,5,0,5,"הנביאים,42 ",31.783854,35.222803,14,מחל
ירושלים,3000,16.2,340,69,0,69,2,22,0,0,0,0,5,0,0,0,0,4,0,27,0,0,0,0,0,4,0,0,2,1,0,2,"הנביאים,42 ",31.783854,35.222803,14,מחל
ירושלים,3000,17.1,433,77,3,74,1,30,0,0,0,0,3,0,0,0,0,1,0,13,0,0,0,0,0,0,0,0,1,16,0,9,"הנביאים,42 ",31.783854,35.222803,2,ג
ירושלים,3000,17.2,352,38,0,38,0,24,0,0,0,0,0,0,0,0,0,0,0,4,0,0,0,0,0,1,0,0,0,7,0,2,"הנביאים,42 ",31.783854,35.222803,2,ג
ירושלים,3000,18,565,149,1,148,2,82,0,0,0,0,3,0,0,0,0,2,1,12,1,0,0,0,0,0,0,1,0,25,0,19,"שבטי ישראל,27 ",31.784399,35.224796,2,ג
ירושלים,3000,19,559,429,3,426,3,110,0,0,0,0,2,0,0,0,0,7,2,14,0,0,0,0,0,2,0,0,0,51,0,235,"מגן האלף,3 ",31.794847,35.222969,26,שס
ירושלים,3000,20,654,204,6,198,2,151,0,0,0,0,2,0,0,0,0,0,0,14,1,0,0,0,0,1,0,0,0,12,0,15,"אביגדורי,3 ",31.785448,35.21963,2,ג
ירושלים,3000,21,540,434,9,425,1,81,0,0,0,0,4,0,0,0,0,1,0,22,1,0,0,0,0,1,0,0,3,59,0,252,"מגן האלף,3 ",31.794847,35.222969,26,שס
ירושלים,3000,22,713,435,4,431,2,234,0,0,0,0,4,0,0,0,0,1,0,23,0,0,0,0,0,1,0,0,2,42,0,122,"שמואל הנביא,83א",31.792386,35.223373,2,ג
ירושלים,3000,23,476,319,12,307,1,175,0,0,0,0,2,0,0,0,0,1,0,12,1,0,0,0,0,0,0,0,2,25,0,88,"שמואל הנביא,83א",31.792386,35.223373,2,ג
ירושלים,3000,24,504,367,3,364,3,68,0,0,0,0,4,0,0,0,0,2,0,22,0,0,0,0,0,0,0,0,0,64,0,201,"מגן האלף,3 ",31.794847,35.222969,26,שס
ירושלים,3000,25,726,413,10,403,0,284,0,0,0,0,3,0,0,0,0,0,0,15,0,0,0,0,0,0,0,0,0,14,1,86,"מגן האלף,1 ",31.795147,35.223385,2,ג
ירושלים,3000,26,575,355,6,349,0,217,0,0,0,0,11,0,0,0,0,0,0,21,0,1,0,0,0,2,0,1,0,33,0,63,"נטר,40 ",31.795197,35.225008,2,ג
ירושלים,3000,27,727,521,8,513,0,413,0,0,0,0,5,0,0,0,0,0,0,6,0,0,0,0,0,0,0,0,0,20,1,68,"אהלי יוסף,15 ",31.796567,35.216583,2,ג
ירושלים,3000,28.1,419,288,9,279,0,126,0,0,0,0,0,0,0,0,0,1,0,9,0,0,0,0,0,0,0,0,0,30,0,113,"אהלי יוסף,15 ",31.796567,35.216583,2,ג
ירושלים,3000,28.2,342,232,3,229,0,118,0,0,0,0,2,0,0,0,0,2,1,13,0,1,0,0,0,0,0,0,0,14,0,78,"אהלי יוסף,15 ",31.796567,35.216583,2,ג
ירושלים,3000,29,672,365,3,362,0,234,0,0,0,0,2,0,0,0,0,0,1,15,0,0,0,0,0,0,0,0,0,18,0,92,"מגן האלף,1 ",31.795147,35.223385,2,ג
ירושלים,3000,30,139,96,0,96,1,29,0,0,0,0,28,0,0,0,0,0,0,29,0,0,0,0,0,0,0,0,0,7,1,1,"ירמיהו,5 ",31.792334,35.209964,2,ג
ירושלים,3000,32,429,173,1,172,0,63,0,0,0,0,4,0,0,0,0,0,0,2,0,0,0,0,0,0,0,0,0,40,0,63,"שמעון הצדיק,23 ",31.794067,35.223988,2,ג
ירושלים,3000,41.1,402,119,4,115,1,67,0,0,0,0,0,0,0,0,0,0,0,3,0,0,0,0,0,0,0,0,0,17,0,27,"אביגדורי,3 ",31.785448,35.21963,2,ג
ירושלים,3000,41.2,354,87,1,86,0,38,0,0,0,0,5,0,0,0,0,0,0,7,1,0,0,0,0,0,0,2,1,13,0,19,"אביגדורי,3 ",31.785448,35.21963,2,ג
ירושלים,3000,42,695,235,0,235,1,153,0,0,0,0,2,0,0,0,0,0,0,2,0,0,0,0,0,0,0,0,0,8,0,69,"אביגדורי,3 ",31.785448,35.21963,2,ג
ירושלים,3000,43.1,409,171,2,169,0,98,0,0,0,0,2,0,0,0,0,1,0,6,1,0,0,0,0,0,0,1,0,17,0,43,"שמעון הצדיק,23 ",31.794067,35.223988,2,ג
ירושלים,3000,43.2,317,126,2,124,1,71,0,0,0,0,1,0,0,0,0,1,0,3,1,1,0,0,0,0,0,0,0,8,0,37,"שמעון הצדיק,23 ",31.794067,35.223988,2,ג
ירושלים,3000,44,596,303,4,299,1,210,0,0,0,0,3,0,0,0,0,0,2,2,0,0,0,0,0,0,0,0,0,23,0,58,"מלכי ישראל,57 ",31.789846,35.213502,2,ג
ירושלים,3000,45,656,363,8,355,1,234,0,0,0,1,0,0,0,0,0,1,0,15,2,1,0,0,0,0,0,1,0,28,0,71,"מלכי ישראל,57 ",31.789846,35.213502,2,ג
ירושלים,3000,46,713,383,13,370,0,281,0,0,0,0,4,0,0,0,0,1,0,9,0,0,0,0,0,0,0,0,1,20,0,54,"פישל אהרן,29 ",31.794537,35.22041,2,ג
ירושלים,3000,47,728,405,5,400,1,268,0,0,0,0,2,0,0,0,0,4,0,11,0,0,0,0,0,2,0,0,0,25,0,87,"פישל אהרן,29 ",31.794537,35.22041,2,ג
ירושלים,3000,48,527,344,4,340,0,240,0,0,0,0,0,0,0,0,0,0,0,10,0,0,0,0,0,0,0,1,0,34,0,55,"אהלי יוסף,15 ",31.796567,35.216583,2,ג
ירושלים,3000,49,708,499,1,498,8,297,0,0,0,0,5,0,0,0,0,1,1,25,1,0,0,0,0,0,0,0,2,35,0,123,"ילין דוד,41 ",31.786663,35.214109,2,ג
ירושלים,3000,50,587,426,2,424,6,242,0,0,0,0,3,0,0,0,0,2,0,29,2,0,0,0,0,2,0,0,0,30,0,108,"ירמיהו,5 ",31.792334,35.209964,2,ג
ירושלים,3000,51,748,502,5,497,7,189,2,0,0,0,22,0,0,0,0,6,6,47,3,0,0,0,0,11,0,1,1,53,1,148,"ילין דוד,41 ",31.786663,35.214109,2,ג
ירושלים,3000,52,568,389,4,385,2,240,0,0,0,0,1,0,0,0,0,2,0,14,1,0,0,0,0,0,0,0,1,37,0,87,"ירמיהו,5 ",31.792334,35.209964,2,ג
ירושלים,3000,53.1,372,265,5,260,1,125,0,0,0,0,4,0,0,0,0,2,0,9,0,0,0,0,0,1,0,0,0,32,0,86,"מלכי ישראל,57 ",31.789846,35.213502,2,ג
ירושלים,3000,53.2,300,200,1,199,2,113,0,0,0,0,2,0,0,0,0,0,0,9,2,0,0,0,0,0,0,0,0,15,0,56,"מלכי ישראל,57 ",31.789846,35.213502,2,ג
ירושלים,3000,54,527,340,4,336,2,178,0,0,0,0,6,0,0,0,0,2,0,7,0,0,0,0,0,0,0,0,2,44,0,95,"מלכי ישראל,57 ",31.789846,35.213502,2,ג
ירושלים,3000,55,567,359,3,356,0,174,0,0,0,0,10,0,0,0,0,2,0,9,2,0,0,0,0,1,0,0,2,50,0,106,"מלכי ישראל,57 ",31.789846,35.213502,2,ג
ירושלים,3000,56.1,430,273,2,271,3,119,0,0,0,0,1,0,0,0,0,1,0,16,1,0,0,0,0,0,0,1,1,25,0,103,"פרי חדש,1 ",31.787198,35.2172,2,ג
ירושלים,3000,56.2,341,176,0,176,0,80,0,0,0,0,1,0,0,0,0,0,0,14,1,0,0,0,0,1,0,0,0,22,0,57,"פרי חדש,1 ",31.787198,35.2172,2,ג
ירושלים,3000,57,637,332,5,327,1,190,0,0,0,0,0,0,0,0,0,0,0,14,1,0,0,0,0,0,0,0,0,28,0,93,"מלכי ישראל,57 ",31.789846,35.213502,2,ג
ירושלים,3000,58,628,283,3,280,1,173,0,0,0,0,4,0,0,0,0,0,0,17,0,0,0,0,0,0,0,0,0,25,0,60,"פרי חדש,1 ",31.787198,35.2172,2,ג
ירושלים,3000,59,657,484,10,474,2,352,0,0,0,0,0,0,0,0,0,0,1,3,1,0,0,0,0,2,0,0,1,21,0,91,"עזרת תורה,45 ",31.798774,35.215833,2,ג
ירושלים,3000,60,610,294,3,291,8,141,0,0,0,0,4,0,0,0,0,0,0,17,2,1,0,0,0,0,0,0,1,43,0,74,"פרי חדש,1 ",31.787198,35.2172,2,ג
ירושלים,3000,61,532,276,5,271,4,112,0,0,0,0,4,0,1,0,0,7,0,21,1,0,0,0,0,2,0,0,0,45,0,74,"פרי חדש,1 ",31.787198,35.2172,2,ג
ירושלים,3000,62,518,184,3,181,0,160,0,0,0,0,3,0,0,0,0,0,0,3,0,0,0,0,0,0,0,0,0,7,0,8,"עזרת תורה,45 ",31.798774,35.215833,2,ג
ירושלים,3000,63,600,431,15,416,2,299,0,0,0,0,5,0,0,0,0,1,0,6,0,0,0,0,0,0,0,0,0,18,0,85,"עזרת תורה,45 ",31.798774,35.215833,2,ג
ירושלים,3000,64,667,435,14,421,0,388,0,0,0,0,2,0,0,0,0,0,0,2,2,0,0,0,0,0,0,0,0,9,0,18,"עזרת תורה,45 ",31.798774,35.215833,2,ג
ירושלים,3000,65,532,342,22,320,3,272,0,0,0,0,2,0,0,0,0,0,0,6,0,0,0,0,0,1,0,1,0,9,0,26,"שפע חיים,1 ",31.797759,35.212901,2,ג
ירושלים,3000,66,579,451,0,451,1,443,0,0,0,0,0,0,0,0,0,0,0,0,0,1,0,0,0,0,0,0,0,6,0,0,"סורוצקין,38 ",31.798303,35.205776,2,ג
ירושלים,3000,67,491,194,0,194,0,141,0,0,0,0,1,0,0,0,0,0,0,3,0,0,0,0,0,0,0,0,0,15,0,34,"שפע חיים,1 ",31.797759,35.212901,2,ג
ירושלים,3000,81,533,274,3,271,16,116,0,0,0,0,4,0,0,0,0,6,0,14,7,0,0,0,0,5,0,0,2,42,0,59,"אביגדורי,3 ",31.785448,35.21963,2,ג
ירושלים,3000,82,486,161,2,159,27,50,3,0,0,0,7,0,0,0,0,6,0,24,19,0,0,0,1,2,0,0,2,9,0,9,"שבטי ישראל,22 ",31.78213,35.224596,2,ג
ירושלים,3000,83,684,318,3,315,50,12,3,0,0,0,37,0,0,0,0,12,1,94,35,0,0,0,0,22,0,0,7,26,0,16,"רבי עקיבא,11 ",31.779047,35.217942,14,מחל
ירושלים,3000,84,729,349,8,341,38,12,9,0,0,0,34,0,0,0,0,21,12,90,47,0,0,0,2,26,0,0,8,18,0,24,"הלל,17 ",31.780313,35.217301,14,מחל
ירושלים,3000,85,401,240,1,239,38,19,2,0,0,0,38,0,0,0,0,14,1,64,31,0,0,0,0,8,0,0,3,16,0,5,"הקרן הקיימת,14 ",31.776808,35.214499,14,מחל
ירושלים,3000,86,550,286,2,284,56,5,2,0,0,0,29,0,0,0,0,16,5,87,37,0,0,0,0,24,2,0,6,12,0,3,"רבי עקיבא,7 ",31.77951,35.218214,14,מחל
ירושלים,3000,87,396,237,1,236,53,9,7,0,0,0,38,0,0,0,0,4,3,72,25,0,0,0,0,14,0,1,0,7,0,3,"הקרן הקיימת,14 ",31.776808,35.214499,14,מחל
ירושלים,3000,88,549,266,2,264,55,1,5,0,0,0,19,0,0,0,0,16,8,75,42,0,0,0,0,13,0,0,8,8,0,14,"רבי עקיבא,7 ",31.77951,35.218214,14,מחל
ירושלים,3000,89,577,167,1,166,40,4,3,0,0,0,25,0,0,0,0,7,0,44,18,0,0,0,0,6,0,0,2,8,0,9,"רבי עקיבא,7 ",31.77951,35.218214,14,מחל
ירושלים,3000,90,442,245,2,243,57,9,3,0,0,0,24,0,0,0,0,10,6,52,57,0,0,0,0,13,0,0,2,5,1,4,"רבי עקיבא,7 ",31.77951,35.218214,1,אמת
ירושלים,3000,93,362,234,1,233,26,16,6,0,0,0,24,0,0,0,0,16,3,73,18,0,0,0,0,10,0,0,9,16,0,16,"רבי עקיבא,11 ",31.779047,35.217942,14,מחל
ירושלים,3000,94,413,188,0,188,36,5,6,0,0,0,19,0,0,0,0,11,8,51,22,2,0,0,2,8,0,0,6,4,0,8,"נרקיס,11 ",31.779083,35.212821,14,מחל
ירושלים,3000,116,729,363,0,363,2,100,0,0,0,0,8,0,0,0,0,1,0,20,2,1,0,0,0,2,0,0,1,146,0,80,"שבטי ישראל,22 ",31.78213,35.224596,24,קץ
ירושלים,3000,117,568,280,3,277,7,51,2,0,1,0,6,0,0,0,0,4,0,37,6,0,0,1,0,3,0,0,2,99,0,58,"שבטי ישראל,22 ",31.78213,35.224596,24,קץ
ירושלים,3000,118,485,234,1,233,20,41,5,0,0,0,8,0,0,0,0,2,1,64,15,0,0,1,0,2,0,1,0,38,0,35,"שבטי ישראל,22 ",31.78213,35.224596,14,מחל
ירושלים,3000,119,473,284,3,281,28,14,6,0,0,0,8,0,0,0,0,27,2,114,32,0,0,0,0,7,0,0,2,25,0,16,"שבטי ישראל,22 ",31.78213,35.224596,14,מחל
ירושלים,3000,120,734,241,0,241,0,82,0,0,0,0,1,0,0,0,0,0,0,12,0,0,0,0,0,0,0,0,1,37,0,108,"שמעון הצדיק,23 ",31.794067,35.223988,26,שס
ירושלים,3000,131,513,238,3,235,39,8,4,0,0,0,26,0,0,0,0,16,2,64,33,0,0,0,0,13,0,0,3,18,0,9,"יצחק אלחנן,4 ",31.770525,35.221025,14,מחל
ירושלים,3000,132,732,381,6,375,67,19,7,0,0,0,45,0,0,0,0,12,7,91,58,1,0,0,0,21,0,0,4,12,2,29,"יצחק אלחנן,4 ",31.770525,35.221025,14,מחל
ירושלים,3000,133,444,270,56,214,55,3,2,0,0,0,19,0,0,0,0,10,1,69,36,0,0,0,0,8,0,0,0,9,0,2,"יצחק אלחנן,4 ",31.770525,35.221025,14,מחל
ירושלים,3000,134,447,247,3,244,55,2,11,0,0,0,19,0,0,0,0,13,3,72,46,0,0,0,0,8,1,0,1,7,2,4,"יצחק אלחנן,4 ",31.770525,35.221025,14,מחל
ירושלים,3000,135,588,342,3,339,80,19,4,0,0,0,43,0,0,0,0,13,3,91,35,1,0,0,0,24,0,0,3,16,1,6,"כט' בנובמבר,13 ",31.766343,35.215624,14,מחל
ירושלים,3000,137,734,426,4,422,110,13,7,0,0,0,44,0,0,0,0,21,4,98,92,2,0,0,0,19,0,0,3,5,0,4,"יצחק אלחנן,4 ",31.770525,35.221025,1,אמת
ירושלים,3000,149,697,420,0,420,103,15,1,0,0,0,61,0,0,0,0,18,4,95,76,3,0,0,0,23,0,0,4,13,1,3,"הגדוד העברי,22 ",31.767031,35.214505,1,אמת
ירושלים,3000,150,668,399,3,396,89,7,5,0,0,0,74,0,0,0,0,24,3,83,52,2,0,0,0,36,0,0,5,14,0,2,"בן לברט,15 ",31.770876,35.20999,1,אמת
ירושלים,3000,151,590,367,2,365,111,9,6,0,0,0,26,0,0,0,0,21,1,75,81,0,0,0,0,18,0,0,3,14,0,0,"בן לברט,15 ",31.770876,35.20999,1,אמת
ירושלים,3000,154,741,482,0,482,130,18,1,0,0,0,57,0,0,0,0,33,2,111,89,1,0,0,0,21,0,1,2,16,0,0,"בן לברט,15 ",31.770876,35.20999,1,אמת
ירושלים,3000,155,539,333,0,333,91,10,9,0,0,0,48,0,0,0,0,15,6,67,59,0,0,0,0,14,0,0,0,8,0,6,"כט' בנובמבר,13 ",31.766343,35.215624,1,אמת
ירושלים,3000,157,534,330,3,327,81,9,1,0,0,0,47,0,0,0,0,18,0,71,63,0,0,0,0,11,0,0,5,13,0,8,"בן לברט,15 ",31.770876,35.20999,1,אמת
ירושלים,3000,158,526,313,3,310,75,24,3,0,0,0,42,0,0,0,0,16,3,66,48,0,0,0,0,16,0,0,4,12,0,1,"בן לברט,15 ",31.770876,35.20999,1,אמת
ירושלים,3000,159,583,351,0,351,100,15,6,0,0,0,40,0,0,0,0,20,5,70,66,0,0,0,0,11,0,1,3,13,0,1,"בן לברט,15 ",31.770876,35.20999,1,אמת
ירושלים,3000,161.1,387,246,0,246,46,26,6,0,0,0,30,0,0,0,0,12,1,78,20,0,0,0,0,16,0,0,1,5,1,4,"הקרן הקיימת,14 ",31.776808,35.214499,14,מחל
ירושלים,3000,161.2,249,138,0,138,32,20,1,0,0,0,18,0,0,0,0,3,0,30,12,0,0,0,0,7,1,0,1,12,0,1,"הקרן הקיימת,14 ",31.776808,35.214499,1,אמת
ירושלים,3000,162,587,358,0,358,83,33,2,0,0,0,49,0,0,0,0,27,2,85,45,1,0,0,1,18,1,0,3,4,0,4,"הקרן הקיימת,14 ",31.776808,35.214499,14,מחל
ירושלים,3000,165,668,401,2,399,66,60,4,0,0,0,50,0,0,0,0,10,2,78,53,1,0,0,0,12,0,1,4,39,0,19,"אוסישקין,38 ",31.7783,35.212431,14,מחל
ירושלים,3000,171,478,308,9,299,53,50,1,0,0,0,29,0,0,0,0,8,0,106,6,2,0,0,0,13,1,0,2,23,0,5,"אוסישקין,38 ",31.7783,35.212431,14,מחל
ירושלים,3000,172,386,205,4,201,19,28,0,0,0,0,25,0,0,0,0,4,0,91,2,0,0,0,0,6,0,1,1,18,0,6,"אוסישקין,38 ",31.7783,35.212431,14,מחל
ירושלים,3000,186,697,401,2,399,15,122,1,0,0,0,50,0,0,0,0,9,1,81,19,0,0,0,0,1,0,2,2,63,0,33,"אוסישקין,38 ",31.7783,35.212431,2,ג
ירושלים,3000,188,456,285,3,282,52,16,10,1,0,0,39,0,0,0,0,14,3,62,30,1,0,0,0,7,0,1,5,28,0,13,"לוד,20 ",31.779879,35.209997,14,מחל
ירושלים,3000,191,430,275,0,275,43,3,3,0,0,0,28,0,0,0,0,16,5,75,48,0,0,0,0,8,0,0,4,14,0,28,"לוד,20 ",31.779879,35.209997,14,מחל
ירושלים,3000,192,532,309,4,305,54,21,4,0,0,0,37,0,0,0,0,19,3,69,33,1,0,0,0,18,0,0,16,15,0,15,"לוד,20 ",31.779879,35.209997,14,מחל
ירושלים,3000,193.1,337,222,4,218,8,114,0,0,0,0,17,0,0,0,0,3,1,28,5,1,0,0,0,1,0,0,2,14,0,24,"נרקיס,11 ",31.779083,35.212821,2,ג
ירושלים,3000,193.2,271,181,4,177,15,92,0,0,0,0,12,0,0,0,0,4,1,28,2,0,0,0,0,0,0,0,0,9,0,14,"נרקיס,11 ",31.779083,35.212821,2,ג
ירושלים,3000,194,420,278,2,276,41,12,4,0,0,0,34,0,0,0,0,24,3,87,26,0,0,0,0,11,0,0,3,7,0,24,"לוד,20 ",31.779879,35.209997,14,מחל
ירושלים,3000,195,432,243,0,243,39,9,4,0,0,0,28,0,0,0,0,15,2,69,21,1,0,0,0,11,0,0,8,27,0,9,"הלל,17 ",31.780313,35.217301,14,מחל
ירושלים,3000,196,722,440,2,438,66,24,3,0,0,0,69,0,0,0,0,18,2,94,54,0,1,0,0,13,0,1,4,63,0,26,"הלל,17 ",31.780313,35.217301,14,מחל
ירושלים,3000,198,769,433,5,428,86,15,1,0,0,0,64,0,0,0,0,20,1,106,51,0,0,0,0,23,0,1,6,36,1,17,"אהל משה,42 ",31.782686,35.21309,14,מחל
ירושלים,3000,200,702,445,1,444,65,11,4,0,0,0,71,0,0,0,0,20,6,137,51,0,0,1,1,18,0,0,4,25,0,30,"שד בן צבי יצחק,1 ",31.782367,35.208584,14,מחל
ירושלים,3000,201,692,402,3,399,58,5,1,0,0,0,42,0,0,0,0,35,8,120,44,1,0,0,1,12,0,2,5,29,0,36,"שד בן צבי יצחק,1 ",31.782367,35.208584,14,מחל
ירושלים,3000,203,746,424,3,421,42,27,5,0,0,0,34,1,0,0,0,32,3,136,33,1,0,0,0,14,0,0,13,27,0,53,"נרקיס,11 ",31.779083,35.212821,14,מחל
ירושלים,3000,205,366,233,3,230,11,81,0,0,0,0,5,0,0,0,0,4,0,17,7,0,0,1,0,2,0,0,4,38,0,60,"ילין דוד,41 ",31.786663,35.214109,2,ג
ירושלים,3000,206,646,407,4,403,26,68,1,0,0,0,29,0,0,0,0,10,4,95,15,0,0,0,0,10,0,0,7,63,0,75,"אהל משה,42 ",31.782686,35.21309,14,מחל
ירושלים,3000,207,547,396,2,394,0,230,0,0,0,0,39,0,0,0,0,1,1,29,0,0,0,0,0,0,0,0,1,35,0,58,"מנחם מנדל משקלוב,24 ",31.786344,35.174478,2,ג
ירושלים,3000,208,439,238,4,234,8,60,0,0,0,0,6,0,0,0,0,7,1,33,0,0,0,0,0,6,1,0,1,28,0,83,"פרי חדש,1 ",31.787198,35.2172,26,שס
ירושלים,3000,209.1,466,373,6,367,2,249,0,0,0,0,1,0,0,0,0,2,0,10,0,0,0,0,0,1,0,0,0,14,0,88,"זכרון יעקב,5 ",31.795733,35.200443,2,ג
ירושלים,3000,209.2,301,255,6,249,0,208,1,0,0,0,3,0,0,0,0,0,0,7,0,0,0,0,0,0,0,0,0,8,0,22,"זכרון יעקב,5 ",31.795733,35.200443,2,ג
ירושלים,3000,210,566,406,1,405,26,47,0,0,0,1,82,0,0,0,0,6,8,90,11,1,0,1,0,7,0,0,2,76,0,47,"בזל,3 ",31.784277,35.19269,14,מחל
ירושלים,3000,211,534,374,2,372,13,38,2,0,1,0,108,0,0,0,0,8,6,64,2,1,0,0,0,5,0,0,3,103,0,18,"בזל,3 ",31.784277,35.19269,7,טב
ירושלים,3000,212,486,388,19,369,2,233,0,0,0,0,31,0,0,0,0,1,1,21,0,0,0,0,0,1,0,0,3,40,0,36,"הרב אבן דנן,30 ",31.781324,35.172492,2,ג
ירושלים,3000,213,612,416,2,414,140,3,3,0,0,0,16,0,0,0,0,29,2,51,121,0,0,0,0,46,0,0,2,1,0,0,"החלוץ,47 ",31.77704,35.190838,1,אמת
ירושלים,3000,214,466,312,0,312,104,2,2,0,0,0,28,0,0,0,0,19,1,46,78,0,0,0,0,24,0,0,3,3,1,1,"שחר,19 ",31.780383,35.194277,1,אמת
ירושלים,3000,215.1,425,323,5,318,3,160,0,0,0,0,14,0,0,0,0,2,0,14,2,1,0,0,0,0,0,0,1,32,0,89,"הקבלן,8 ",31.787878,35.175061,2,ג
ירושלים,3000,215.2,325,233,3,230,4,104,0,0,0,0,8,0,0,0,0,1,1,8,1,1,0,0,0,1,0,0,0,21,0,80,"הקבלן,8 ",31.787878,35.175061,2,ג
ירושלים,3000,216,710,515,1,514,2,301,1,0,0,0,65,0,0,0,0,1,0,40,1,0,0,0,0,1,0,0,3,58,0,41,"הרב טייב חי,46 ",31.783228,35.171766,2,ג
ירושלים,3000,217,427,321,13,308,1,162,0,0,0,0,37,0,0,0,0,4,0,25,0,1,0,0,0,1,0,0,1,42,0,34,"הרב אבן דנן,30 ",31.781324,35.172492,2,ג
ירושלים,3000,218,511,386,10,376,3,234,0,0,0,0,41,0,0,0,0,0,1,25,0,1,0,1,0,0,0,0,1,25,0,44,"הרב אבן דנן,30 ",31.781324,35.172492,2,ג
ירושלים,3000,219,568,376,8,368,0,234,0,0,0,0,2,0,0,0,0,1,0,6,1,0,0,0,0,5,0,0,0,26,0,93,"שמואל הנביא,83א",31.792386,35.223373,2,ג
ירושלים,3000,220,448,287,10,277,0,123,0,0,0,0,3,0,0,0,0,2,0,22,0,0,0,0,0,1,0,0,0,20,0,106,"שמואל הנביא,83א",31.792386,35.223373,2,ג
ירושלים,3000,221.1,457,319,1,318,1,160,0,0,0,0,1,0,0,0,0,1,0,16,0,0,0,0,0,0,0,0,0,20,0,119,"אהלי יוסף,15 ",31.796567,35.216583,2,ג
ירושלים,3000,221.2,314,213,0,213,2,106,0,0,0,0,1,0,0,0,0,0,0,22,0,0,0,0,0,0,0,0,0,15,0,67,"אהלי יוסף,15 ",31.796567,35.216583,2,ג
ירושלים,3000,222,625,492,19,473,2,231,0,0,0,0,40,0,0,0,0,3,2,11,0,0,0,1,0,1,0,1,0,90,0,91,"בן ציון,24 ",31.789761,35.193498,2,ג
ירושלים,3000,223,481,340,9,331,0,293,1,0,0,0,0,0,0,0,0,0,0,2,0,0,0,0,0,2,0,0,0,19,0,14,"סורוצקין,40 ",31.798998,35.206451,2,ג
ירושלים,3000,224,636,498,13,485,0,212,0,0,0,0,20,0,0,0,0,3,0,25,6,0,0,0,0,1,0,1,2,74,0,141,"ויטל חיים,32 ",31.789271,35.191792,2,ג
ירושלים,3000,225,501,292,6,286,2,208,0,0,0,0,1,0,0,0,0,0,0,15,0,3,0,0,0,0,0,0,3,21,0,33,"זכרון יעקב,3 ",31.795733,35.200043,2,ג
ירושלים,3000,226,668,501,3,498,0,479,0,0,0,0,0,0,0,0,0,1,1,3,0,0,0,0,0,0,0,0,0,6,0,8,"סורוצקין,38 ",31.798303,35.205776,2,ג
ירושלים,3000,227,653,454,2,452,183,0,6,0,0,0,29,0,0,0,0,20,1,63,105,1,0,0,0,40,0,0,2,0,0,2,"בן לברט,15 ",31.770876,35.20999,1,אמת
ירושלים,3000,228,188,37,1,36,6,4,0,0,0,0,5,0,0,0,0,2,2,10,4,0,0,0,0,3,0,0,0,0,0,0,"בן לברט,15 ",31.770876,35.20999,14,מחל
ירושלים,3000,229,716,506,9,497,243,3,13,0,0,0,23,0,0,0,0,25,9,52,94,1,0,0,0,24,0,0,1,8,0,1,"בן לברט,15 ",31.770876,35.20999,1,אמת
ירושלים,3000,230,722,586,12,574,0,532,1,0,0,0,1,0,0,0,0,0,0,3,0,0,0,0,0,0,0,0,0,19,0,18,"סורוצקין,38 ",31.798303,35.205776,2,ג
ירושלים,3000,231,598,469,0,469,0,436,0,0,0,0,0,0,0,0,0,0,0,2,0,0,0,0,0,0,0,0,0,20,0,11,"סורוצקין,40 ",31.798998,35.206451,2,ג
ירושלים,3000,232,551,374,2,372,6,267,0,0,0,0,7,0,0,0,0,0,0,19,0,0,0,0,0,0,0,0,0,10,0,63,"ראשון לציון,7 ",31.793445,35.201883,2,ג
ירושלים,3000,233,607,445,10,435,2,381,0,0,0,0,1,0,0,0,0,2,0,2,0,0,0,0,0,0,0,0,0,18,0,29,"סורוצקין,40 ",31.798998,35.206451,2,ג
ירושלים,3000,234,624,475,4,471,7,94,1,0,0,0,111,0,0,0,0,4,0,57,0,1,0,1,0,4,0,0,2,149,1,39,"בן ציון,24 ",31.789761,35.193498,24,קץ
ירושלים,3000,235,568,445,4,441,9,94,0,0,0,0,104,0,0,0,0,6,1,37,1,0,0,0,0,5,0,1,4,121,0,58,"ויטל חיים,32 ",31.789271,35.191792,24,קץ
ירושלים,3000,236,697,555,6,549,2,350,0,0,0,0,18,0,0,0,0,0,0,7,3,1,0,0,0,1,0,0,2,49,0,116,"הקבלן,8 ",31.787878,35.175061,2,ג
ירושלים,3000,237,591,478,9,469,0,244,0,0,0,0,28,0,0,0,0,0,1,18,1,0,0,0,0,0,0,0,1,55,0,121,"הרב אבן דנן,30 ",31.781324,35.172492,2,ג
ירושלים,3000,238,635,402,3,399,2,332,0,0,0,0,1,0,0,0,0,1,0,6,0,0,0,0,0,0,0,0,0,20,0,37,"זכרון יעקב,5 ",31.795733,35.200443,2,ג
ירושלים,3000,239,548,342,19,323,0,280,0,0,0,0,1,0,0,0,0,0,0,2,0,0,0,0,0,0,0,0,0,15,0,25,"סורוצקין,38 ",31.798303,35.205776,2,ג
ירושלים,3000,240,604,484,5,479,6,108,0,0,0,0,131,0,0,0,0,3,0,61,4,0,0,0,0,2,0,0,2,130,0,32,"ויטל חיים,32 ",31.789271,35.191792,7,טב
ירושלים,3000,241,509,388,17,371,0,342,0,0,0,0,1,0,0,0,0,0,0,2,0,0,0,1,0,0,0,0,0,9,0,16,"סורוצקין,40 ",31.798998,35.206451,2,ג
ירושלים,3000,242,578,339,5,334,9,175,0,0,0,0,15,0,0,0,0,11,4,43,5,0,0,0,0,2,0,1,0,37,0,32,"המ""ג,1 ",31.79036,35.20012,2,ג
ירושלים,3000,243,559,415,26,389,0,337,0,0,0,0,1,0,0,0,0,0,0,0,0,0,0,0,0,1,0,0,0,15,0,35,"סורוצקין,40 ",31.798998,35.206451,2,ג
ירושלים,3000,244,549,391,5,386,4,274,1,0,0,0,6,0,0,0,0,1,1,28,3,1,0,0,0,4,0,0,1,20,0,42,"ראשון לציון,7 ",31.793445,35.201883,2,ג
ירושלים,3000,245,541,392,21,371,1,333,0,0,0,0,4,0,0,0,0,0,0,3,0,0,0,0,0,0,1,0,0,10,0,19,"זכרון יעקב,3 ",31.795733,35.200043,2,ג
ירושלים,3000,246,539,384,15,369,2,232,0,0,0,0,8,1,0,0,0,4,0,28,0,1,0,0,0,3,0,0,0,41,0,49,"המ""ג,1 ",31.79036,35.20012,2,ג
ירושלים,3000,247,586,431,29,402,2,229,1,0,0,0,2,0,0,0,0,2,0,22,2,0,0,0,0,3,0,0,1,26,0,112,"ראשון לציון,7 ",31.793445,35.201883,2,ג
ירושלים,3000,248,728,457,11,446,3,235,0,0,0,0,26,0,0,0,0,7,0,36,3,0,0,0,0,0,0,2,0,47,0,87,"נג'ארה,27 ",31.790609,35.191615,2,ג
ירושלים,3000,249,681,526,18,508,2,295,0,0,0,0,25,0,0,0,0,1,0,34,1,0,0,0,0,1,0,1,2,68,0,78,"נג'ארה,27 ",31.790609,35.191615,2,ג
ירושלים,3000,250,615,521,17,504,0,243,1,1,0,0,49,0,0,0,0,0,2,20,0,0,0,0,0,1,0,0,0,95,0,92,"ויטל חיים,32 ",31.789271,35.191792,2,ג
ירושלים,3000,251,638,490,9,481,1,363,0,0,0,0,3,0,0,0,0,0,0,20,0,3,0,0,0,1,0,0,1,24,0,65,"זכרון יעקב,3 ",31.795733,35.200043,2,ג
ירושלים,3000,252,464,364,13,351,0,182,0,0,0,0,23,0,0,0,0,0,0,15,1,0,0,0,0,0,0,0,0,49,0,81,"בן ציון,24 ",31.789761,35.193498,2,ג
ירושלים,3000,253,594,444,9,435,5,219,0,0,0,0,74,0,0,0,0,4,0,42,2,0,0,0,0,2,0,0,2,51,0,34,"הרב טייב חי,46 ",31.783228,35.171766,2,ג
ירושלים,3000,254,449,364,4,360,0,184,0,0,0,0,31,0,0,0,0,2,0,15,0,0,0,0,0,2,0,0,2,31,0,93,"הרב אבן דנן,30 ",31.781324,35.172492,2,ג
ירושלים,3000,255,577,416,9,407,0,227,0,0,0,0,10,0,0,0,0,1,1,10,0,0,0,0,0,0,0,0,0,69,0,89,"הקבלן,8 ",31.787878,35.175061,2,ג
ירושלים,3000,256,572,433,4,429,2,223,0,0,0,0,53,0,0,0,0,4,2,45,1,0,0,0,0,0,0,0,2,50,0,47,"הרב אבן דנן,30 ",31.781324,35.172492,2,ג
ירושלים,3000,257,622,449,1,448,3,218,1,0,0,0,64,0,0,0,0,3,0,30,1,0,0,0,0,5,0,0,0,58,0,65,"הרב טייב חי,46 ",31.783228,35.171766,2,ג
ירושלים,3000,258,742,574,6,568,2,335,0,0,0,0,57,0,0,0,0,1,0,40,1,0,0,0,0,0,0,0,2,63,0,67,"הרב טייב חי,46 ",31.783228,35.171766,2,ג
ירושלים,3000,259,670,509,5,504,4,238,0,0,0,0,39,0,0,0,0,3,0,35,0,0,0,1,0,1,0,0,3,60,0,120,"מנחם מנדל משקלוב,24 ",31.786344,35.174478,2,ג
ירושלים,3000,260,443,339,0,339,99,3,0,0,0,0,30,0,0,0,0,25,4,87,55,1,0,0,0,29,0,0,1,3,0,2,"התומר,5 ",31.779765,35.186367,1,אמת
ירושלים,3000,261,573,376,3,373,112,2,3,0,0,0,23,0,0,0,0,17,2,48,111,0,0,1,0,43,0,0,2,8,0,1,"שחר,19 ",31.780383,35.194277,1,אמת
ירושלים,3000,262,625,455,6,449,15,167,0,0,0,0,26,0,0,0,0,7,0,80,6,0,0,0,0,8,0,1,3,54,1,81,"תורה ועבודה,6 ",31.766695,35.181523,2,ג
ירושלים,3000,263,646,436,4,432,2,211,0,0,0,0,37,0,0,0,0,2,0,20,0,2,0,0,0,1,0,0,1,47,0,109,"הקבלן,8 ",31.787878,35.175061,2,ג
ירושלים,3000,264,622,442,4,438,41,38,0,0,0,0,75,0,0,0,0,17,0,120,10,1,0,1,0,13,0,0,1,63,0,58,"חכמי יוסף,28א",31.765496,35.189055,14,מחל
ירושלים,3000,265,611,477,10,467,5,281,0,0,0,0,39,0,0,0,0,7,1,21,0,2,0,0,0,1,0,0,0,45,0,65,"הרב טייב חי,46 ",31.783228,35.171766,2,ג
ירושלים,3000,266,424,334,4,330,0,169,0,0,0,0,6,0,0,0,0,1,0,8,0,1,0,0,0,0,0,0,1,61,0,83,"הרב אבן דנן,30 ",31.781324,35.172492,2,ג
ירושלים,3000,267.1,268,197,0,197,7,37,0,0,0,0,14,0,0,0,0,6,1,30,5,0,0,0,0,5,0,0,0,27,0,65,"שד הרצל,137 ",31.777009,35.186142,26,שס
ירושלים,3000,267.2,217,152,0,152,13,33,0,0,0,0,19,0,0,0,0,6,0,18,1,0,0,0,0,4,0,0,2,17,1,38,"שד הרצל,137 ",31.777009,35.186142,26,שס
ירושלים,3000,268,586,418,2,416,11,52,0,0,0,0,86,0,0,0,0,6,1,92,2,0,0,1,0,9,0,0,2,89,0,65,"בן ציון,7 ",31.788917,35.196657,14,מחל
ירושלים,3000,269,660,526,5,521,7,96,0,0,0,0,121,0,0,0,0,8,1,73,2,0,0,0,0,4,0,0,2,156,0,51,"בן ציון,7 ",31.788917,35.196657,24,קץ
ירושלים,3000,270,683,507,2,505,14,52,0,0,0,0,132,0,0,0,0,8,3,82,5,2,0,0,0,4,0,0,3,152,0,48,"בן ציון,7 ",31.788917,35.196657,24,קץ
ירושלים,3000,271,447,298,2,296,5,26,0,0,0,0,77,0,0,0,0,3,2,55,3,1,0,0,0,2,0,0,3,82,1,36,"בזל,3 ",31.784277,35.19269,24,קץ
ירושלים,3000,272,774,584,4,580,29,57,0,0,0,0,120,0,0,0,0,15,6,115,7,1,0,0,0,6,0,1,2,162,0,59,"בזל,3 ",31.784277,35.19269,24,קץ
ירושלים,3000,273,608,396,1,395,12,35,0,0,0,0,121,0,0,0,0,9,1,84,4,0,0,1,0,8,0,0,2,94,0,24,"בזל,3 ",31.784277,35.19269,7,טב
ירושלים,3000,274,705,470,1,469,160,3,6,0,0,0,38,0,0,0,0,21,0,93,82,0,0,0,0,51,0,0,5,5,0,5,"מעגל בית המדרש,8 ",31.781994,35.191257,1,אמת
ירושלים,3000,275,521,344,3,341,100,1,2,0,0,0,37,0,0,0,0,31,7,78,43,0,0,0,0,24,0,0,2,9,1,6,"שחר,19 ",31.780383,35.194277,1,אמת
ירושלים,3000,276,719,460,3,457,107,11,6,1,0,0,34,0,0,0,0,34,9,116,55,0,0,0,0,47,2,0,7,23,0,5,"התומר,5 ",31.779765,35.186367,14,מחל
ירושלים,3000,277,475,316,2,314,70,5,2,0,0,0,26,0,0,0,0,24,11,78,37,0,0,0,1,38,0,0,5,13,1,3,"מעגל בית המדרש,8 ",31.781994,35.191257,14,מחל
ירושלים,3000,278,638,524,6,518,12,160,0,0,0,0,67,0,0,0,0,4,1,72,0,0,0,0,0,2,0,0,0,143,0,57,"בן ציון,7 ",31.788917,35.196657,2,ג
ירושלים,3000,279,524,364,1,363,106,4,1,0,0,0,26,0,0,0,0,18,12,84,53,2,0,0,0,34,0,0,5,11,0,7,"התומר,5 ",31.779765,35.186367,1,אמת
ירושלים,3000,280,635,416,9,407,192,2,0,0,0,0,20,0,0,0,0,18,5,68,50,2,0,0,0,44,0,0,2,2,0,2,"שד הרצל,137 ",31.777009,35.186142,1,אמת
ירושלים,3000,281,509,380,4,376,114,0,4,0,0,0,27,0,0,0,0,25,4,64,93,0,1,0,0,39,0,0,2,3,0,0,"החלוץ,47 ",31.77704,35.190838,1,אמת
ירושלים,3000,282,565,448,2,446,100,2,2,0,0,0,29,0,0,0,0,31,15,152,35,0,0,1,0,72,0,0,1,3,0,3,"שד הרצל,137 ",31.777009,35.186142,14,מחל
ירושלים,3000,283,560,366,4,362,87,7,3,0,0,0,26,0,0,0,0,26,10,105,51,0,1,0,0,29,0,0,5,3,0,9,"התומר,5 ",31.779765,35.186367,14,מחל
ירושלים,3000,284,659,459,2,457,118,4,2,0,0,0,44,0,0,0,0,16,16,134,56,0,0,0,0,44,0,0,3,12,0,8,"התומר,5 ",31.779765,35.186367,14,מחל
ירושלים,3000,285,516,392,24,368,3,213,0,0,0,0,24,0,0,0,0,1,0,17,0,1,0,0,0,0,0,1,0,41,0,67,"הפסגה,24 ",31.768291,35.182884,2,ג
ירושלים,3000,286,598,425,3,422,21,148,0,0,0,0,33,0,0,0,0,10,9,46,5,0,0,0,0,19,0,0,0,61,0,70,"שד הרצל,137 ",31.777009,35.186142,2,ג
ירושלים,3000,287.1,413,305,1,304,5,104,0,0,0,0,20,0,0,0,0,0,40,42,2,0,1,0,0,4,0,0,0,25,0,61,"הפסגה,24 ",31.768291,35.182884,2,ג
ירושלים,3000,287.2,350,273,11,262,7,88,0,0,0,0,15,0,0,0,0,3,27,42,2,0,0,1,0,4,0,1,0,26,0,46,"הפסגה,24 ",31.768291,35.182884,2,ג
ירושלים,3000,288,550,408,5,403,10,207,0,0,0,0,22,0,0,0,0,1,1,37,1,1,0,0,0,4,0,0,1,39,0,79,"הפסגה,24 ",31.768291,35.182884,2,ג
ירושלים,3000,289,729,556,24,532,7,301,0,0,0,0,22,0,0,0,0,3,0,30,1,0,0,0,0,1,0,0,0,60,0,107,"תורה ועבודה,6 ",31.766695,35.181523,2,ג
ירושלים,3000,290,745,561,6,555,2,419,0,0,0,0,10,0,0,0,0,4,1,26,0,0,0,0,0,1,0,0,1,23,0,68,"הרב פרנק,20 ",31.763869,35.185162,2,ג
ירושלים,3000,291,573,423,9,414,9,223,0,0,0,0,12,0,0,0,0,2,0,32,0,0,0,0,0,3,0,0,0,39,1,93,"חכמי יוסף,28א",31.765496,35.189055,2,ג
ירושלים,3000,292,365,266,1,265,27,36,1,0,0,0,34,0,0,0,0,10,0,59,1,0,0,0,0,15,0,0,1,36,0,45,"חכמי יוסף,28א",31.765496,35.189055,14,מחל
ירושלים,3000,293,491,389,16,373,0,238,0,0,0,0,10,2,0,0,0,1,0,8,0,1,0,0,0,1,0,0,0,20,0,92,"שערי תורה,2 ",31.766379,35.182718,2,ג
ירושלים,3000,294,686,492,10,482,4,273,0,0,0,0,18,0,0,0,0,1,0,45,1,0,0,0,0,8,0,0,2,32,0,98,"תורה ועבודה,6 ",31.766695,35.181523,2,ג
ירושלים,3000,295,610,442,4,438,154,0,1,0,0,0,30,0,0,0,0,27,11,73,96,1,0,0,0,39,0,0,0,3,0,3,"החלוץ,47 ",31.77704,35.190838,1,אמת
ירושלים,3000,296,634,506,5,501,156,5,2,0,0,0,28,0,0,0,0,22,6,160,43,0,0,0,0,65,0,1,2,7,0,4,"שד הרצל,137 ",31.777009,35.186142,14,מחל
ירושלים,3000,297,523,390,3,387,3,269,0,0,0,0,15,0,0,0,0,0,0,18,0,0,0,0,0,0,0,0,0,18,0,64,"הרב פרנק,20 ",31.763869,35.185162,2,ג
ירושלים,3000,298,737,569,5,564,182,2,0,0,0,0,30,0,0,0,0,42,6,172,32,1,0,0,0,81,0,0,1,5,1,9,"שד הרצל,137 ",31.777009,35.186142,1,אמת
ירושלים,3000,299,626,505,2,503,102,1,2,0,0,0,42,0,0,0,0,49,10,191,31,0,0,0,0,54,0,0,1,12,0,8,"שד הרצל,137 ",31.777009,35.186142,14,מחל
ירושלים,3000,300,755,606,0,606,111,2,2,0,0,0,62,0,0,0,0,61,20,207,38,0,0,0,0,72,0,0,5,11,0,15,"דולצ'ין,21 ",31.749723,35.169586,14,מחל
ירושלים,3000,301,633,500,4,496,123,3,2,0,0,0,29,0,0,0,0,52,12,154,30,1,0,0,0,60,0,0,5,8,1,16,"דולצ'ין,21 ",31.749723,35.169586,14,מחל
ירושלים,3000,302,568,450,2,448,114,2,0,0,0,0,32,0,0,0,0,39,3,142,16,1,0,0,0,72,0,0,3,9,0,15,"דולצ'ין,21 ",31.749723,35.169586,14,מחל
ירושלים,3000,303,692,366,9,357,2,226,2,0,0,0,7,0,0,0,0,1,0,10,1,0,0,0,0,0,0,0,1,29,0,78,"מגן האלף,1 ",31.795147,35.223385,2,ג
ירושלים,3000,304,493,376,2,374,90,2,1,0,0,0,39,0,0,0,0,38,7,112,18,1,0,0,0,40,0,1,7,7,0,11,"שד הרצל,137 ",31.777009,35.186142,14,מחל
ירושלים,3000,305,455,323,1,322,58,4,0,0,0,0,12,1,0,0,0,25,4,139,22,2,0,0,0,23,0,0,4,10,0,18,"קוסטה ריקה,17 ",31.754964,35.170872,14,מחל
ירושלים,3000,306,473,392,4,388,99,2,0,0,0,0,28,0,0,0,0,22,6,138,20,0,0,0,0,55,0,0,4,10,0,4,"דולצ'ין,21 ",31.749723,35.169586,14,מחל
ירושלים,3000,307,490,403,3,400,113,0,1,0,0,0,17,0,0,0,0,32,3,120,35,0,0,0,0,62,0,0,5,8,0,4,"האייל,72 ",31.749622,35.181808,14,מחל
ירושלים,3000,308,472,300,2,298,27,2,0,0,0,0,35,0,0,0,0,21,12,114,16,0,0,0,0,17,0,0,1,10,0,43,"החרצית,10 ",31.735573,34.979744,14,מחל
ירושלים,3000,309,661,461,3,458,49,2,1,0,0,0,39,0,0,0,0,41,13,173,26,1,0,0,0,22,0,0,3,41,0,47,"הרפוב הדומיניקנית,3 ",31.768319,35.21371,14,מחל
ירושלים,3000,310,629,363,3,360,27,23,1,0,0,0,23,0,0,0,0,22,26,120,8,0,0,0,0,19,0,1,1,54,0,35,"אולשוונגר,48 ",31.768319,35.21371,14,מחל
ירושלים,3000,311,623,409,0,409,80,14,4,0,0,0,31,0,0,0,0,28,6,132,38,0,0,0,0,41,0,1,2,11,0,21,"זנגויל,29 ",31.763046,35.177721,14,מחל
ירושלים,3000,312,564,360,4,356,63,13,1,0,0,0,30,0,0,0,0,21,7,78,46,0,0,0,0,28,0,0,5,41,0,23,"אולשוונגר,3 ",31.768319,35.21371,14,מחל
ירושלים,3000,313,592,360,2,358,30,8,1,0,0,0,21,0,0,0,0,27,26,137,6,0,0,0,0,22,0,2,9,14,1,54,"החרצית,10 ",31.735573,34.979744,14,מחל
ירושלים,3000,314,554,398,4,394,58,43,3,0,0,0,47,0,0,0,0,16,5,83,21,1,0,0,0,22,0,0,1,50,0,44,"בורוכוב,9א",31.765491,35.174967,14,מחל
ירושלים,3000,315,744,501,14,487,21,85,0,0,0,0,18,1,0,0,0,18,30,159,3,0,0,0,0,11,0,0,3,81,2,55,"אולשוונגר,3 ",31.768319,35.21371,14,מחל
ירושלים,3000,316,664,511,4,507,27,98,1,0,0,0,72,0,0,0,0,12,6,60,13,0,0,0,0,12,0,2,1,134,0,69,"זנגויל,25 ",31.764316,35.177112,24,קץ
ירושלים,3000,317,545,303,2,301,44,15,5,0,0,0,21,0,0,0,0,19,3,86,27,0,0,0,0,25,0,0,1,16,0,39,"זנגויל,29 ",31.763046,35.177721,14,מחל
ירושלים,3000,318,647,481,4,477,134,28,4,0,0,0,24,0,0,0,0,29,11,78,63,0,0,0,0,39,0,0,7,47,0,13,"זנגויל,25 ",31.764316,35.177112,1,אמת
ירושלים,3000,319,732,540,3,537,107,40,0,0,0,0,31,0,0,0,0,21,7,129,39,1,1,0,32,0,0,1,3,83,1,41,"בורוכוב,9א",31.765491,35.174967,14,מחל
ירושלים,3000,320,435,284,1,283,13,61,0,0,0,0,17,0,0,0,0,6,23,72,3,0,0,0,0,7,0,2,2,54,0,23,"אולשוונגר,3 ",31.768319,35.21371,14,מחל
ירושלים,3000,321,519,384,2,382,111,9,3,0,0,0,17,0,0,0,0,28,4,108,31,0,0,0,0,43,0,0,6,9,0,13,"זנגויל,25 ",31.764316,35.177112,1,אמת
ירושלים,3000,322,757,527,7,520,148,2,7,0,0,0,31,0,0,0,0,57,5,102,103,1,0,1,0,32,0,1,3,11,0,16,"המעיין,2 ",31.767081,35.162323,1,אמת
ירושלים,3000,323,756,470,7,463,126,1,10,0,0,0,17,0,0,0,0,46,2,93,106,0,0,0,0,27,0,1,8,17,0,9,"המעיין,2 ",31.767081,35.162323,1,אמת
ירושלים,3000,324,527,258,1,257,53,1,0,0,0,0,15,0,0,0,0,22,34,74,27,0,0,0,0,15,0,0,1,4,0,11,"אולשוונגר,48 ",31.768319,35.21371,14,מחל
ירושלים,3000,325,695,506,7,499,48,8,1,0,0,0,42,0,0,0,0,39,37,211,10,0,0,0,0,22,0,0,7,18,0,56,"החרצית,10 ",31.735573,34.979744,14,מחל
ירושלים,3000,326,625,398,5,393,38,6,1,0,0,0,29,1,0,0,0,45,26,153,11,0,0,0,0,15,0,0,3,37,0,28,"דהומיי,7 ",31.756164,35.165514,14,מחל
ירושלים,3000,327,632,392,6,386,27,1,3,0,1,0,30,0,0,0,0,35,10,159,10,0,0,0,0,27,0,0,3,24,0,56,"הנורית,18 ",31.752765,35.172151,14,מחל
ירושלים,3000,328,530,371,8,363,70,0,3,0,0,0,29,0,0,0,0,32,13,126,34,0,0,0,0,23,0,1,3,12,0,17,"צ'ילה,8 ",31.76059,35.17121,14,מחל
ירושלים,3000,329,551,459,2,457,103,4,1,0,0,0,35,0,0,0,0,44,10,161,27,0,0,0,0,60,0,0,3,6,0,3,"דולצ'ין,21 ",31.749723,35.169586,14,מחל
ירושלים,3000,330,416,269,3,266,24,1,0,0,0,0,12,0,0,0,0,25,5,134,7,1,0,0,0,15,0,1,2,13,0,26,"צ'ילה,8 ",31.76059,35.17121,14,מחל
ירושלים,3000,331,472,344,1,343,40,5,1,0,0,0,21,0,0,0,0,35,2,165,15,0,0,0,0,25,0,0,1,15,1,17,"גרינולד,8 ",31.757517,35.176046,14,מחל
ירושלים,3000,332.1,421,294,8,286,75,5,0,0,0,0,19,0,0,0,0,23,8,91,23,1,0,0,0,22,0,0,3,10,0,6,"גואטמאלה,3 ",31.760119,35.177148,14,מחל
ירושלים,3000,332.2,353,224,3,221,69,3,2,0,0,0,21,0,0,0,0,18,2,62,16,0,0,0,0,13,0,0,3,9,1,2,"גואטמאלה,3 ",31.760119,35.177148,1,אמת
ירושלים,3000,333,646,442,1,441,53,13,2,0,0,0,39,0,0,0,0,45,22,149,32,0,0,0,0,34,0,0,12,14,0,26,"וולטה העלית,12 ",31.768319,35.21371,14,מחל
ירושלים,3000,334,448,310,13,297,16,7,1,0,0,0,11,0,0,0,0,31,64,105,14,0,0,0,1,18,0,0,3,13,0,13,"גרינולד,8 ",31.757517,35.176046,14,מחל
ירושלים,3000,335,453,315,4,311,50,2,0,0,0,0,23,0,0,0,0,29,4,143,9,0,0,0,0,23,0,0,7,10,0,11,"רקם,2 ",31.753586,35.186917,14,מחל
ירושלים,3000,336,525,359,0,359,25,7,0,0,0,0,33,0,0,0,0,29,18,148,10,1,0,0,0,20,0,0,7,13,1,47,"דהומיי,6 ",31.756195,35.165522,14,מחל
ירושלים,3000,337,625,374,2,372,17,16,1,0,0,0,23,1,0,0,0,27,36,140,4,0,0,0,0,17,0,0,6,31,0,53,"דהומיי,6 ",31.756195,35.165522,14,מחל
ירושלים,3000,338,568,435,1,434,92,3,2,0,0,0,16,0,0,0,0,37,3,175,41,0,0,0,0,40,0,0,8,3,0,14,"האייל,72 ",31.749622,35.181808,14,מחל
ירושלים,3000,339,434,260,2,258,47,8,5,0,0,0,22,0,0,0,0,16,19,82,16,0,0,0,0,14,0,0,1,9,0,19,"וולטה העלית,12 ",31.768319,35.21371,14,מחל
ירושלים,3000,340,519,336,1,335,73,5,5,0,0,0,19,0,0,0,0,34,10,100,18,1,0,1,0,26,0,0,4,12,0,27,"וולטה העלית,12 ",31.768319,35.21371,14,מחל
ירושלים,3000,341,622,366,2,364,15,30,1,0,0,0,22,0,0,0,0,35,27,141,10,0,0,1,0,13,0,0,3,10,1,55,"שטרן אברהם,3 ",31.756386,35.180533,14,מחל
ירושלים,3000,342,569,330,3,327,2,12,2,0,0,0,12,0,0,0,0,22,22,146,3,0,0,0,0,8,0,1,1,29,1,66,"הנורית,18 ",31.752765,35.172151,14,מחל
ירושלים,3000,343,765,454,5,449,59,45,0,0,0,0,28,0,0,0,0,22,24,149,34,0,0,1,0,32,0,0,8,14,0,33,"וולטה העלית,12 ",31.768319,35.21371,14,מחל
ירושלים,3000,344,625,376,1,375,16,17,0,0,0,0,53,0,0,0,0,22,23,164,1,1,0,1,0,10,0,0,6,34,0,27,"קוסטה ריקה,17 ",31.754964,35.170872,14,מחל
ירושלים,3000,345,526,414,0,414,77,63,0,0,0,0,27,0,0,0,0,28,7,124,20,0,0,0,0,28,0,0,1,15,1,23,"זנגויל,29 ",31.763046,35.177721,14,מחל
ירושלים,3000,346,683,522,1,521,78,87,0,0,0,0,47,0,0,0,0,26,2,133,16,0,0,0,0,29,0,0,2,53,0,48,"שד שרת משה,1 ",31.756411,35.183839,14,מחל
ירושלים,3000,347,443,324,2,322,66,15,1,0,0,0,10,0,0,0,0,31,1,76,22,0,0,1,0,49,0,0,4,21,0,25,"שד שרת משה,1 ",31.756411,35.183839,14,מחל
ירושלים,3000,348,595,413,3,410,43,6,1,0,0,0,33,0,0,0,0,44,7,164,11,0,0,0,0,27,0,0,4,20,0,50,"החרצית,10 ",31.735573,34.979744,14,מחל
ירושלים,3000,349,492,341,2,339,100,19,4,0,0,0,24,0,0,0,0,17,9,68,42,1,0,0,0,37,0,0,0,10,0,8,"שד שרת משה,1 ",31.756411,35.183839,1,אמת
ירושלים,3000,350,649,416,8,408,23,60,1,0,0,0,23,0,0,0,0,20,44,122,6,0,0,0,0,17,0,1,4,29,0,58,"שטרן אברהם,3 ",31.756386,35.180533,14,מחל
ירושלים,3000,351,514,400,0,400,62,5,1,0,0,1,28,0,0,0,0,34,3,173,11,0,0,0,0,57,0,0,6,6,0,13,"שד שרת משה,1 ",31.756411,35.183839,14,מחל
ירושלים,3000,352,607,423,4,419,41,71,1,0,0,0,41,0,0,0,0,24,10,82,14,0,0,0,0,16,0,0,6,57,0,56,"אולשוונגר,3 ",31.768319,35.21371,14,מחל
ירושלים,3000,353,668,510,3,507,94,2,2,0,0,0,34,0,0,0,0,40,11,194,24,0,0,0,0,75,0,1,7,8,0,15,"רקם,2 ",31.753586,35.186917,14,מחל
ירושלים,3000,354,645,453,7,446,138,16,0,0,0,0,34,0,0,0,0,29,10,91,49,1,0,0,0,51,0,0,5,14,1,7,"שד שרת משה,1 ",31.756411,35.183839,1,אמת
ירושלים,3000,355,568,410,2,408,147,1,3,0,0,0,13,0,0,0,0,30,6,89,65,0,0,0,0,45,0,0,4,0,1,4,"זנגויל,29 ",31.763046,35.177721,1,אמת
ירושלים,3000,356,673,450,2,448,28,1,2,0,0,0,27,0,0,0,0,29,38,204,8,0,0,0,0,33,0,0,5,24,0,49,"קוסטה ריקה,17 ",31.754964,35.170872,14,מחל
ירושלים,3000,357,663,454,5,449,39,10,2,0,0,0,31,0,0,0,0,31,34,171,11,1,0,0,0,36,0,0,9,24,1,49,"הנורית,18 ",31.752765,35.172151,14,מחל
ירושלים,3000,358,531,300,0,300,23,40,0,0,0,0,10,0,0,0,0,15,29,95,5,0,0,0,0,13,0,0,1,22,0,47,"גרינולד,8 ",31.757517,35.176046,14,מחל
ירושלים,3000,359,647,400,1,399,50,21,1,0,0,0,17,0,0,0,0,37,19,159,27,0,1,1,0,18,1,0,3,11,0,33,"וולטה העלית,12 ",31.768319,35.21371,14,מחל
ירושלים,3000,360,483,357,4,353,68,67,0,0,0,0,23,0,0,0,0,14,3,63,17,0,0,0,0,31,0,0,3,33,0,31,"שד שרת משה,1 ",31.756411,35.183839,1,אמת
ירושלים,3000,361,708,547,3,544,130,2,0,0,0,0,30,0,0,0,0,37,13,205,27,0,0,0,0,72,0,0,6,7,0,15,"האייל,72 ",31.749622,35.181808,14,מחל
ירושלים,3000,362,707,492,6,486,15,1,25,0,0,0,33,0,0,0,0,35,19,238,6,0,0,0,0,28,0,0,7,25,0,54,"שד דב יוסף,2 ",31.738186,35.19507,14,מחל
ירושלים,3000,363,714,443,6,437,19,9,0,0,0,0,20,0,0,0,1,22,23,218,7,0,0,0,0,9,0,1,4,37,0,67,"רבי צדוק,12 ",31.75443,35.193404,14,מחל
ירושלים,3000,364,544,336,4,332,35,5,1,0,0,0,23,0,0,0,0,46,8,134,18,0,0,0,0,7,0,0,4,15,1,35,"מרגולין,3 ",31.754507,35.195339,14,מחל
ירושלים,3000,365,712,440,5,435,45,3,2,0,0,0,49,0,0,0,0,39,13,196,18,0,0,0,0,9,0,0,2,16,0,43,"מרגולין,3 ",31.754507,35.195339,14,מחל
ירושלים,3000,366,526,315,3,312,16,6,0,0,0,0,17,0,0,0,0,38,9,165,6,0,0,0,0,5,0,0,4,18,2,26,"בר יוחאי,53 ",31.75354,35.197873,14,מחל
ירושלים,3000,367,762,471,6,465,29,8,1,0,0,0,52,0,0,0,0,38,11,202,9,0,0,0,0,15,0,1,6,40,0,53,"רבי צדוק,12 ",31.75443,35.193404,14,מחל
ירושלים,3000,368,637,409,8,401,25,1,0,0,1,0,20,0,0,0,0,18,9,204,6,0,0,0,0,9,0,0,3,20,0,85,"מרגולין,3 ",31.754507,35.195339,14,מחל
ירושלים,3000,369,452,276,3,273,8,6,0,0,0,0,21,1,0,0,0,16,22,116,1,0,0,0,0,9,0,0,2,14,0,57,"בר יוחאי,53 ",31.75354,35.197873,14,מחל
ירושלים,3000,370,609,383,3,380,22,4,7,0,0,0,33,0,0,0,0,36,10,167,13,0,0,0,0,12,0,0,4,28,0,44,"בעהם אריה,7 ",31.751544,35.199518,14,מחל
ירושלים,3000,371.1,410,318,0,318,30,0,1,0,0,0,72,0,0,0,0,18,6,133,8,0,0,0,0,20,0,0,4,12,0,14,"יוסי בן יועזר,24 ",31.754478,35.206796,14,מחל
ירושלים,3000,371.2,317,245,1,244,22,3,0,0,0,0,61,0,0,0,0,16,5,93,4,1,0,0,0,16,1,0,4,14,0,4,"יוסי בן יועזר,24 ",31.754478,35.206796,14,מחל
ירושלים,3000,372,629,441,3,438,34,1,1,1,0,0,58,0,0,0,0,35,11,189,16,0,0,0,0,17,0,0,8,39,0,28,"יהודה הנשיא,26 ",31.755148,35.202658,14,מחל
ירושלים,3000,373,483,328,5,323,28,3,0,0,0,0,19,0,0,0,0,32,3,157,12,0,0,0,0,12,0,0,5,23,0,29,"אליעזר הגדול,4 ",31.755092,35.204774,14,מחל
ירושלים,3000,374,523,381,4,377,28,4,2,0,1,0,34,0,0,0,0,57,5,157,8,0,0,1,0,17,0,0,3,37,0,23,"יהודה הנשיא,26 ",31.755148,35.202658,14,מחל
ירושלים,3000,375,748,569,4,565,45,3,13,0,0,0,48,0,0,0,0,63,10,245,21,2,0,0,0,24,0,0,3,27,0,61,"יוסי בן יועזר,24 ",31.754478,35.206796,14,מחל
ירושלים,3000,376,592,394,2,392,26,2,0,0,0,0,38,0,0,0,1,43,5,183,7,0,0,0,1,23,0,0,3,27,0,33,"יוחנן בן זכאי,33 ",31.758309,35.207474,14,מחל
ירושלים,3000,377,733,490,2,488,70,12,3,0,0,0,91,0,0,0,0,30,6,173,33,0,0,0,0,9,0,0,1,34,1,25,"רבי חייא,3 ",31.762254,35.21274,14,מחל
ירושלים,3000,378,552,411,1,410,114,0,1,0,0,0,18,0,0,0,0,29,2,132,32,1,0,0,0,57,0,0,4,9,0,11,"שד שרת משה,1 ",31.756411,35.183839,14,מחל
ירושלים,3000,379,677,493,5,488,71,12,1,0,0,0,72,0,1,0,0,38,1,204,17,4,0,0,0,29,0,0,5,15,0,18,"בן גמלא יהושע,7 ",31.760592,35.212274,14,מחל
ירושלים,3000,380,748,515,2,513,77,16,4,0,0,0,95,0,0,0,0,29,0,190,38,1,0,0,0,20,0,1,3,26,1,12,"יוחנן בן זכאי,33 ",31.758309,35.207474,14,מחל
ירושלים,3000,381,464,342,4,338,42,2,2,0,6,0,28,0,0,0,0,25,1,143,31,1,0,0,0,14,0,0,4,24,0,15,"הורקניה,21 ",31.757763,35.202188,14,מחל
ירושלים,3000,382,544,379,2,377,29,13,0,0,0,0,27,0,0,0,0,38,4,164,18,0,0,0,0,9,0,1,1,27,0,46,"יוחנן בן זכאי,33 ",31.758309,35.207474,14,מחל
ירושלים,3000,383,676,442,5,437,63,7,2,0,0,0,91,0,0,0,0,43,7,116,38,1,0,0,0,21,0,0,7,25,0,16,"יהודה הנשיא,26 ",31.755148,35.202658,14,מחל
ירושלים,3000,384,471,325,3,322,20,1,2,0,0,0,36,0,0,0,0,28,4,134,29,4,0,0,0,14,0,0,3,16,0,31,"יוחנן בן זכאי,33 ",31.758309,35.207474,14,מחל
ירושלים,3000,385,636,455,1,454,55,2,0,0,0,0,86,0,0,0,0,40,3,174,9,1,0,1,0,35,0,1,7,17,0,23,"יהודה הנשיא,26 ",31.755148,35.202658,14,מחל
ירושלים,3000,386,589,448,1,447,36,2,10,0,0,0,17,0,0,0,0,48,21,215,8,0,0,0,0,23,0,1,2,10,1,53,"בעהם אריה,7 ",31.751544,35.199518,14,מחל
ירושלים,3000,387,580,410,3,407,44,4,0,0,0,0,43,0,0,0,0,37,9,199,17,1,0,0,0,16,0,0,3,18,1,15,"אליעזר הגדול,4 ",31.755092,35.204774,14,מחל
ירושלים,3000,388,634,377,4,373,55,17,4,0,0,0,74,0,0,0,0,41,3,102,21,2,0,0,1,18,0,1,4,21,1,8,"רבי חייא,3 ",31.762254,35.21274,14,מחל
ירושלים,3000,389,601,392,2,390,60,3,1,0,0,0,93,0,0,0,0,30,3,124,21,0,0,0,0,25,0,1,4,14,0,11,"יוחנן בן זכאי,33 ",31.758309,35.207474,14,מחל
ירושלים,3000,390,694,484,7,477,26,0,7,0,0,0,20,0,0,0,0,34,80,229,13,1,0,0,0,19,0,1,2,8,0,37,"שד דב יוסף,2 ",31.738186,35.19507,14,מחל
ירושלים,3000,391,537,333,3,330,8,11,1,0,0,0,23,0,0,0,0,16,27,158,3,0,0,0,0,19,0,0,1,48,1,14,"קוסטה ריקה,17 ",31.754964,35.170872,14,מחל
ירושלים,3000,392,444,323,1,322,17,3,4,0,0,0,28,0,0,0,0,23,3,170,5,0,0,0,0,10,0,0,5,14,1,39,"הורקניה,21 ",31.757763,35.202188,14,מחל
ירושלים,3000,393,616,425,3,422,117,3,6,0,0,0,95,0,0,0,0,32,5,84,34,2,0,0,0,27,0,0,4,11,0,2,"אהרוני,14 ",31.763057,35.20503,1,אמת
ירושלים,3000,394,494,343,0,343,104,3,3,0,0,0,61,0,0,0,0,26,3,72,41,2,0,0,0,18,0,0,4,6,0,0,"הורקניה,21 ",31.757763,35.202188,1,אמת
ירושלים,3000,395,412,281,3,278,58,2,4,0,0,0,66,0,0,0,0,23,2,65,26,1,0,0,0,16,0,1,2,11,0,1,"אהרוני,14 ",31.763057,35.20503,7,טב
ירושלים,3000,396,505,392,0,392,97,0,0,0,0,0,20,0,0,0,0,28,3,119,43,1,0,0,0,66,0,0,5,5,0,5,"האייל,72 ",31.749622,35.181808,14,מחל
ירושלים,3000,397,432,244,1,243,5,28,0,0,0,0,43,0,0,0,0,7,0,49,0,0,0,0,0,3,0,0,1,66,0,41,"חכמי יוסף,28א",31.765496,35.189055,24,קץ
ירושלים,3000,398,496,375,0,375,48,9,0,0,0,0,13,0,0,0,0,22,5,179,7,0,0,0,0,38,0,1,6,27,0,20,"חכמי יוסף,28א",31.765496,35.189055,14,מחל
ירושלים,3000,399,716,561,5,556,61,84,0,0,0,0,130,1,0,0,0,11,18,137,17,0,0,0,0,16,0,1,1,41,0,38,"מן,7 ",31.760715,35.197993,14,מחל
ירושלים,3000,400,681,527,2,525,8,66,0,0,0,0,167,0,0,0,0,16,6,107,6,1,0,0,0,11,0,0,0,73,0,64,"מן,7 ",31.760715,35.197993,7,טב
ירושלים,3000,401,583,323,0,323,88,4,3,0,0,0,45,0,0,0,0,22,1,81,40,0,0,0,0,27,0,0,1,7,0,4,"אהרוני,14 ",31.763057,35.20503,1,אמת
ירושלים,3000,402,632,486,7,479,11,57,0,0,0,0,127,0,0,0,0,13,1,111,0,0,0,0,0,10,0,0,4,69,0,76,"מן,7 ",31.760715,35.197993,7,טב
ירושלים,3000,403,732,524,2,522,129,3,2,0,0,0,114,0,0,0,0,39,6,128,42,0,0,0,0,38,0,1,4,12,0,4,"הורקניה,21 ",31.757763,35.202188,1,אמת
ירושלים,3000,404,629,444,2,442,106,4,1,0,0,0,98,0,1,0,0,15,5,131,30,3,0,0,0,23,0,0,8,11,1,5,"אהרוני,14 ",31.763057,35.20503,14,מחל
ירושלים,3000,405,629,418,2,416,84,1,0,0,1,0,59,0,0,0,0,34,4,134,30,4,0,0,0,43,0,0,3,13,0,6,"בן לברט,15 ",31.770876,35.20999,14,מחל
ירושלים,3000,406,524,327,2,325,93,3,0,0,0,0,49,0,0,0,0,12,3,101,24,4,0,0,0,19,0,0,3,11,0,3,"הפלמ""ח,57 ",31.76422,35.207125,14,מחל
ירושלים,3000,407,556,338,1,337,78,4,2,0,0,0,63,0,0,0,0,23,1,85,45,1,0,0,0,23,1,0,1,8,0,2,"הגדוד העברי,22 ",31.767031,35.214505,14,מחל
ירושלים,3000,408,656,426,4,422,102,6,3,0,0,0,81,0,0,0,0,20,4,106,62,0,0,0,0,23,0,0,2,10,1,2,"הפלמ""ח,57 ",31.76422,35.207125,14,מחל
ירושלים,3000,409,571,421,5,416,39,16,0,0,0,0,140,0,0,0,0,13,6,91,13,1,0,0,0,11,0,0,1,55,0,30,"מן,7 ",31.760715,35.197993,7,טב
ירושלים,3000,410,557,378,1,377,119,3,6,0,0,0,52,0,0,0,0,20,3,66,66,1,0,0,0,25,0,0,3,7,1,5,"אהרוני,14 ",31.763057,35.20503,1,אמת
ירושלים,3000,411,689,460,0,460,45,28,2,0,0,0,95,0,0,0,0,17,18,109,18,0,0,0,0,23,0,0,1,72,0,32,"מן,7 ",31.760715,35.197993,14,מחל
ירושלים,3000,412,629,406,4,402,68,10,3,0,0,0,95,0,0,0,0,24,6,104,31,3,0,0,0,32,0,1,1,14,0,10,"הפלמ""ח,57 ",31.76422,35.207125,14,מחל
ירושלים,3000,413,515,358,2,356,9,128,1,0,0,0,9,0,0,0,0,7,0,36,4,1,0,0,0,5,1,0,0,51,0,104,"ילין דוד,41 ",31.786663,35.214109,2,ג
ירושלים,3000,414,571,451,2,449,144,1,0,0,0,0,32,0,0,0,0,36,10,129,37,0,0,0,0,50,0,0,6,2,0,2,"שד הרצל,137 ",31.777009,35.186142,1,אמת
ירושלים,3000,415,559,404,2,402,31,50,0,0,0,0,31,0,0,0,0,31,6,134,2,1,0,0,0,16,0,0,1,48,0,51,"חכמי יוסף,28א",31.765496,35.189055,14,מחל
ירושלים,3000,416,501,315,6,309,41,33,3,0,0,0,21,0,0,0,0,14,25,70,15,0,0,0,0,20,0,0,2,50,0,15,"אולשוונגר,3 ",31.768319,35.21371,14,מחל
ירושלים,3000,417,516,428,16,412,1,317,0,0,0,0,10,0,0,0,0,3,0,10,1,1,0,0,0,0,0,0,1,25,0,43,"שערי תורה,2 ",31.766379,35.182718,2,ג
ירושלים,3000,418,525,400,10,390,2,209,0,0,0,0,12,0,0,0,0,2,0,9,1,0,0,0,0,1,0,0,0,42,0,112,"הרב פרנק,20 ",31.763869,35.185162,2,ג
ירושלים,3000,420,590,402,11,391,7,164,0,0,0,1,30,0,0,0,0,6,0,50,2,0,0,0,1,6,0,0,1,47,0,76,"חכמי יוסף,28א",31.765496,35.189055,2,ג
ירושלים,3000,421,465,306,1,305,112,1,2,0,0,0,11,0,0,0,0,19,7,62,57,1,0,0,0,24,0,0,2,5,0,2,"החלוץ,47 ",31.77704,35.190838,1,אמת
ירושלים,3000,422,454,329,4,325,71,6,1,0,0,0,38,0,0,0,0,36,5,102,13,0,0,0,0,23,0,0,1,12,0,17,"רזיאל דוד,13 ",31.750036,35.232961,14,מחל
ירושלים,3000,423,434,313,0,313,28,3,1,0,0,0,28,0,0,0,0,21,26,144,6,0,0,0,0,18,0,0,0,18,0,20,"תמיר שמואל,74 ",31.820235,35.23695,14,מחל
ירושלים,3000,424,642,536,10,526,1,180,1,0,0,0,42,0,0,0,0,2,0,31,0,0,0,0,0,2,0,0,1,92,0,174,"נג'ארה,27 ",31.790609,35.191615,2,ג
ירושלים,3000,425,402,238,1,237,10,1,0,0,0,0,21,0,0,0,0,16,11,98,4,0,0,0,7,0,0,0,1,23,0,45,"דהומיי,6 ",31.756195,35.165522,14,מחל
ירושלים,3000,426,627,362,6,356,18,15,0,0,0,0,17,0,0,0,0,35,18,165,2,0,0,0,0,10,0,0,9,17,0,50,"בר יוחאי,53 ",31.75354,35.197873,14,מחל
ירושלים,3000,427,527,255,3,252,2,6,230,0,0,0,2,0,0,0,0,0,0,2,5,0,0,0,4,0,0,0,0,0,0,1,בית צפפה,31.749213,35.204071,3,ודעם
ירושלים,3000,428,608,380,4,376,76,11,4,0,0,0,64,0,0,0,0,32,4,111,32,0,0,0,0,22,0,0,3,9,0,8,"כובשי קטמון,15 ",31.765218,35.21151,14,מחל
ירושלים,3000,429,582,370,3,367,39,13,0,0,0,0,91,0,0,0,0,17,0,123,29,2,0,0,0,26,0,0,2,18,0,7,"הפלמ""ח,57 ",31.76422,35.207125,14,מחל
ירושלים,3000,430,577,408,2,406,84,12,8,0,0,0,79,0,0,0,0,32,2,101,50,0,0,0,0,15,0,0,4,11,0,8,"כובשי קטמון,15 ",31.765218,35.21151,14,מחל
ירושלים,3000,431,626,409,1,408,42,35,1,0,0,1,102,0,0,0,0,21,2,140,18,1,0,0,0,11,0,0,3,23,0,8,"כובשי קטמון,15 ",31.765218,35.21151,14,מחל
ירושלים,3000,432,691,449,2,447,82,33,3,0,0,0,97,0,0,0,0,18,8,110,41,1,0,0,0,16,0,0,1,28,0,9,"כובשי קטמון,15 ",31.765218,35.21151,14,מחל
ירושלים,3000,433,421,274,3,271,77,7,6,0,0,0,52,0,0,0,0,10,0,70,30,0,0,0,0,14,0,0,1,2,0,2,"כט' בנובמבר,13 ",31.766343,35.215624,1,אמת
ירושלים,3000,434,715,475,5,470,118,14,3,0,0,0,82,0,0,0,0,21,4,120,60,2,0,0,0,26,0,0,4,13,0,3,"כובשי קטמון,15 ",31.765218,35.21151,14,מחל
ירושלים,3000,435,566,365,2,363,98,7,6,0,0,0,44,0,0,0,0,24,1,81,72,1,0,0,0,18,0,0,5,5,0,1,"הגדוד העברי,22 ",31.767031,35.214505,1,אמת
ירושלים,3000,436,453,247,3,244,63,5,6,0,0,0,36,0,0,0,0,17,0,55,45,0,0,0,1,12,0,0,1,1,0,2,"עמק רפאים,22 ",31.764873,35.220969,1,אמת
ירושלים,3000,437,591,341,2,339,104,3,6,0,0,0,35,0,0,0,0,23,0,77,55,0,0,0,0,21,0,0,1,7,0,7,"מסריק,10 ",31.763311,35.220997,1,אמת
ירושלים,3000,438,643,409,4,405,78,5,5,0,0,0,38,0,0,0,0,28,3,159,44,1,0,0,0,29,0,0,2,5,1,7,"עמק רפאים,22 ",31.764873,35.220969,14,מחל
ירושלים,3000,439,683,442,2,440,81,31,6,0,0,0,60,0,0,0,0,24,2,134,64,0,0,0,0,16,1,0,0,14,0,7,"רחל אמנו,27 ",31.763829,35.213897,14,מחל
ירושלים,3000,440,676,435,8,427,102,4,7,0,0,0,53,0,0,0,0,32,5,127,50,1,1,0,0,27,0,0,2,6,0,10,"מסריק,10 ",31.763311,35.220997,14,מחל
ירושלים,3000,441,466,291,4,287,52,5,5,0,0,0,40,1,0,0,0,20,4,98,27,0,0,0,0,21,0,0,0,5,0,9,"רחל אמנו,27 ",31.763829,35.213897,14,מחל
ירושלים,3000,442,743,486,7,479,109,4,7,0,0,0,52,0,0,0,0,31,3,124,92,1,0,0,1,31,0,0,2,15,0,7,"כט' בנובמבר,13 ",31.766343,35.215624,14,מחל
ירושלים,3000,443,471,388,11,377,0,288,0,0,0,0,7,0,0,0,0,0,0,3,0,0,0,0,0,0,0,0,2,19,0,58,"הרב אבן דנן,30 ",31.781324,35.172492,2,ג
ירושלים,3000,444,433,340,1,339,110,3,1,0,0,0,15,0,0,0,0,30,10,94,30,0,0,0,0,41,0,0,0,3,0,2,"שד הרצל,137 ",31.777009,35.186142,1,אמת
ירושלים,3000,445,535,421,13,408,2,259,0,0,0,0,5,0,0,0,0,0,0,7,0,0,0,0,0,0,0,2,1,31,0,101,"מעגלות הרב פרדס,39 ",31.839121,35.24546,2,ג
ירושלים,3000,450,698,521,11,510,5,388,1,0,0,0,5,0,0,0,0,4,0,12,1,0,0,1,0,2,0,0,0,40,0,51,"ירמיהו,5 ",31.792334,35.209964,2,ג
ירושלים,3000,451,538,335,10,325,30,7,1,0,0,0,19,0,0,0,0,12,79,127,9,0,0,0,0,23,1,0,3,6,0,8,"קדושי בבל,22 ",31.747945,35.238176,14,מחל
ירושלים,3000,452,462,274,7,267,59,3,1,0,0,0,47,0,0,0,0,20,5,70,30,2,0,0,0,17,0,0,0,12,0,1,"רחל אמנו,27 ",31.763829,35.213897,14,מחל
ירושלים,3000,453,555,469,0,469,0,422,0,0,0,0,1,0,0,0,0,1,1,5,0,0,0,0,0,1,0,0,0,7,0,31,"ראשון לציון,7 ",31.793445,35.201883,2,ג
ירושלים,3000,456,443,276,1,275,69,5,7,0,0,0,27,0,0,0,0,18,2,61,43,1,0,0,0,19,1,0,1,9,1,11,"יהודה,31 ",31.757719,35.217286,1,אמת
ירושלים,3000,457,382,194,1,193,1,0,184,0,0,0,0,0,0,0,0,0,1,1,2,0,0,0,3,0,0,0,0,0,1,0,בית צפפה,31.749213,35.204071,3,ודעם
ירושלים,3000,458,388,174,1,173,2,1,163,0,0,0,1,0,0,0,0,0,1,0,1,0,0,1,2,0,0,1,0,0,0,0,בית צפפה,31.749213,35.204071,3,ודעם
ירושלים,3000,459,521,406,3,403,58,4,0,0,0,0,54,0,0,0,0,40,1,172,22,0,0,0,0,25,0,0,1,14,0,12,"גנרל קניג פייר,16 ",31.755844,35.214574,14,מחל
ירושלים,3000,460,740,450,2,448,145,1,6,0,0,0,43,0,0,0,0,17,0,93,90,0,0,1,0,30,0,0,1,12,0,9,"דרך בית לחם,52 ",31.761047,35.222583,1,אמת
ירושלים,3000,461,692,439,6,433,116,5,3,0,0,1,51,0,0,0,0,34,1,110,66,0,0,1,0,15,0,0,2,10,0,18,"גדעון,14 ",31.760035,35.220355,1,אמת
ירושלים,3000,462,496,336,4,332,63,4,4,0,1,0,63,0,0,0,0,28,4,77,53,0,0,0,0,17,0,0,2,11,0,5,"דרך חברון,56 ",31.759513,35.223504,14,מחל
ירושלים,3000,463,557,321,3,318,68,4,4,0,0,0,39,0,0,0,0,15,2,113,32,0,0,0,1,12,0,0,3,10,0,15,"גדעון,14 ",31.760035,35.220355,14,מחל
ירושלים,3000,464,612,408,2,406,79,4,9,0,0,0,80,0,0,0,0,29,3,114,37,1,0,0,0,23,0,1,5,14,0,7,"יהודה,31 ",31.757719,35.217286,14,מחל
ירושלים,3000,465,590,434,1,433,28,3,25,0,0,0,62,0,0,0,0,22,6,204,9,0,0,0,1,29,2,0,4,20,1,17,"גנרל קניג פייר,16 ",31.755844,35.214574,14,מחל
ירושלים,3000,466,381,185,1,184,0,0,178,0,1,0,0,0,0,0,0,0,0,0,1,0,0,1,0,0,0,1,0,0,0,2,בית צפפה,31.749213,35.204071,3,ודעם
ירושלים,3000,467,753,496,7,489,60,0,2,0,0,0,62,0,0,0,0,31,7,212,28,1,0,0,0,23,0,1,5,20,0,37,"קבוץ גלויות,4 ",31.755908,35.219152,14,מחל
ירושלים,3000,468,705,511,2,509,130,7,3,0,0,1,43,0,0,0,0,39,7,147,63,1,0,0,1,40,0,2,5,8,0,12,"בית הערבה,7 ",31.750161,35.221764,14,מחל
ירושלים,3000,469,566,346,3,343,87,4,2,0,0,0,30,0,0,0,0,23,3,103,43,0,0,0,0,30,0,0,7,5,0,6,"בית""ר,8 ",31.754071,35.22444,14,מחל
ירושלים,3000,470,776,437,10,427,17,6,1,0,0,0,44,1,0,0,0,49,38,182,9,1,0,0,0,15,0,0,4,21,0,39,"דרך בית לחם,117 ",31.748581,35.216629,14,מחל
ירושלים,3000,471,699,435,1,434,50,3,10,0,0,0,67,0,0,0,0,33,6,166,28,2,0,0,0,22,1,0,5,17,0,24,"קבוץ גלויות,4 ",31.755908,35.219152,14,מחל
ירושלים,3000,472,677,458,2,456,123,2,3,0,0,0,45,0,0,0,0,35,3,123,71,1,0,0,0,24,0,0,4,10,0,12,"יהודה,31 ",31.757719,35.217286,1,אמת
ירושלים,3000,473,736,475,3,472,87,8,9,0,0,0,64,0,0,0,0,38,6,123,44,3,0,0,0,32,0,0,6,25,0,27,"קבוץ גלויות,4 ",31.755908,35.219152,14,מחל
ירושלים,3000,474,531,325,0,325,90,1,6,0,0,0,18,0,0,0,0,14,1,89,62,1,0,0,2,20,0,0,9,5,0,7,"נחשון,11 ",31.764225,35.22618,1,אמת
ירושלים,3000,475,320,158,1,157,45,2,2,0,0,0,8,0,0,0,0,10,0,47,23,0,0,0,0,8,0,0,0,7,1,4,"נחשון,11 ",31.764225,35.22618,14,מחל
ירושלים,3000,476,403,152,0,152,27,1,1,0,0,0,18,0,0,0,0,13,1,51,21,0,0,0,0,10,0,0,1,3,0,5,"קבוץ גלויות,4 ",31.755908,35.219152,14,מחל
ירושלים,3000,477,723,428,2,426,77,4,6,0,0,0,53,0,0,0,0,37,2,151,25,2,0,0,0,28,0,0,4,17,0,20,"דרך בית לחם,113 ",31.749646,35.217267,14,מחל
ירושלים,3000,478,548,325,4,321,30,4,3,0,0,0,35,0,0,0,0,32,8,136,12,1,0,0,0,15,0,0,9,20,0,16,"דרך בית לחם,117 ",31.748581,35.216629,14,מחל
ירושלים,3000,479,419,215,0,215,25,24,16,0,0,0,32,0,0,0,0,15,0,60,1,0,0,0,5,6,0,0,0,15,1,15,"דרך בית לחם,117 ",31.748581,35.216629,14,מחל
ירושלים,3000,480,693,442,3,439,118,4,3,0,0,0,26,0,0,0,0,32,3,135,62,3,0,0,1,30,0,0,4,9,0,9,"דרך בית לחם,113 ",31.749646,35.217267,14,מחל
ירושלים,3000,481,632,429,5,424,88,4,3,0,0,0,36,0,0,0,0,28,12,141,30,0,0,0,0,38,0,1,7,13,2,21,"דרך בית לחם,117 ",31.748581,35.216629,14,מחל
ירושלים,3000,482,568,324,0,324,107,3,2,0,0,0,27,0,0,0,0,24,4,75,45,0,0,0,0,27,0,0,2,5,1,2,"בית""ר,8 ",31.754071,35.22444,1,אמת
ירושלים,3000,483,434,251,4,247,60,2,3,0,0,0,27,0,0,0,0,17,4,77,26,0,0,0,0,14,0,0,4,8,0,5,"נחשון,11 ",31.764225,35.22618,14,מחל
ירושלים,3000,484,663,472,6,466,128,3,2,0,0,0,43,0,0,0,0,25,6,143,43,1,0,0,0,48,0,0,5,6,0,13,"דרך בית לחם,113 ",31.749646,35.217267,14,מחל
ירושלים,3000,485,502,356,3,353,70,3,8,0,0,0,35,0,0,0,0,25,10,119,33,0,0,0,0,24,0,0,3,13,0,10,"בית""ר,8 ",31.754071,35.22444,14,מחל
ירושלים,3000,486,766,483,16,467,31,5,4,0,0,0,34,0,0,0,0,44,11,236,6,0,1,0,0,13,0,2,2,37,1,40,"דרך בית לחם,117 ",31.748581,35.216629,14,מחל
ירושלים,3000,487,609,383,2,381,89,5,7,0,0,0,37,0,0,0,0,30,4,95,42,1,0,0,0,49,2,0,2,13,0,5,"בית""ר,8 ",31.754071,35.22444,14,מחל
ירושלים,3000,488,539,406,25,381,14,16,0,1,1,0,4,0,0,0,0,3,233,83,0,0,0,0,0,16,2,2,2,1,1,2,"כפר עציון,1 ",31.748136,35.22417,13,ל
ירושלים,3000,489,420,218,4,214,4,1,194,0,0,0,0,0,0,0,1,0,5,1,4,0,0,0,2,0,0,0,0,0,0,2,בית צפפה,31.749213,35.204071,3,ודעם
ירושלים,3000,490,692,423,3,420,110,0,6,0,0,0,56,0,0,0,0,25,7,96,62,0,0,0,0,27,0,1,6,17,0,7,"דרך בית לחם,113 ",31.749646,35.217267,1,אמת
ירושלים,3000,491,405,268,4,264,39,1,3,0,0,0,37,0,0,0,0,20,4,109,15,1,0,0,0,5,0,0,2,12,0,16,"דרך בית לחם,117 ",31.748581,35.216629,14,מחל
ירושלים,3000,496,391,160,5,155,8,4,130,0,0,0,2,0,0,0,0,0,1,4,0,0,0,0,5,0,0,0,1,0,0,0,בית צפפה,31.749213,35.204071,3,ודעם
ירושלים,3000,498,585,456,12,444,1,278,0,0,0,0,10,0,0,0,0,0,1,7,0,0,0,0,0,0,0,0,0,25,0,122,"מעגלי הרי""ם לוין,27 ",31.803055,35.216529,2,ג
ירושלים,3000,499,371,265,13,252,0,190,0,0,0,0,7,0,0,0,0,3,0,3,0,0,0,0,0,0,0,0,0,14,0,35,"מעגלי הרי""ם לוין,27 ",31.803055,35.216529,2,ג
ירושלים,3000,500,651,481,7,474,10,169,1,0,0,0,80,0,0,0,0,6,2,79,4,1,0,0,1,4,0,0,0,80,0,37,בתי מחסה,31.774366,35.233272,2,ג
ירושלים,3000,503,420,165,4,161,9,8,30,0,3,0,13,0,0,0,1,4,1,33,5,0,0,0,2,6,0,0,5,38,0,3,"גריק פטריאכט,26 ",31.768319,35.21371,24,קץ
ירושלים,3000,504,421,140,0,140,15,1,40,0,1,1,12,0,0,0,0,4,3,17,11,0,0,1,10,2,0,0,1,20,0,1,"גריק פטריאכט,26 ",31.768319,35.21371,3,ודעם
ירושלים,3000,505,432,156,4,152,27,5,23,0,0,0,11,0,0,0,0,8,3,26,19,0,0,2,3,9,1,0,1,12,0,2,"גריק פטריאכט,26 ",31.768319,35.21371,1,אמת
ירושלים,3000,506,445,253,0,253,9,91,3,0,0,0,43,0,0,0,0,2,3,35,6,0,0,0,1,1,0,0,1,51,0,7,בתי מחסה,31.774366,35.233272,2,ג
ירושלים,3000,507,604,370,2,368,8,93,1,0,0,0,87,0,0,0,0,6,0,69,2,2,0,0,0,2,0,0,2,66,0,30,בתי מחסה,31.774366,35.233272,2,ג
ירושלים,3000,521,473,77,0,77,12,0,2,0,0,0,17,0,0,0,0,8,5,9,12,1,0,0,0,6,0,0,1,4,0,0,"אצ""ל,20 ",31.801326,35.235429,7,טב
ירושלים,3000,530,708,470,2,468,145,5,14,0,0,0,32,0,0,0,0,33,1,128,46,0,0,0,0,40,0,1,5,10,0,8,"לוחמי הגטאות,7 ",31.80111,35.239659,1,אמת
ירושלים,3000,534,377,61,3,58,11,0,28,0,0,1,3,0,0,0,0,1,3,1,2,0,0,0,4,3,0,0,0,0,0,1,שייח' ג'ראח,31.794043,35.233471,3,ודעם
ירושלים,3000,535,361,79,1,78,8,0,47,0,0,0,7,0,0,0,0,0,0,6,3,0,0,0,7,0,0,0,0,0,0,0,שייח' ג'ראח,31.794043,35.233471,3,ודעם
ירושלים,3000,547,632,122,0,122,4,0,82,0,1,0,2,0,0,0,0,5,1,20,1,0,0,0,2,0,0,0,0,2,0,2,צור בחר,31.768319,35.21371,3,ודעם
ירושלים,3000,550,576,392,8,384,13,195,2,0,0,0,14,0,0,0,0,16,3,63,4,0,0,1,0,6,0,0,1,18,0,48,"ככר ארן זלמן,11 ",31.768319,35.21371,2,ג
ירושלים,3000,551,582,384,3,381,31,62,2,0,0,0,35,0,0,0,0,16,3,119,8,1,0,0,0,13,0,0,2,40,0,49,"ככר ארן זלמן,11 ",31.768319,35.21371,14,מחל
ירושלים,3000,552,560,321,16,305,15,92,0,0,0,0,15,0,0,0,0,7,2,60,1,0,0,0,0,15,0,0,0,30,0,68,"ככר ארן זלמן,7 ",31.768319,35.21371,2,ג
ירושלים,3000,553,564,318,7,311,15,164,0,0,0,0,21,0,0,0,0,3,0,39,3,0,0,0,0,4,0,0,0,11,0,51,"ככר ארן זלמן,7 ",31.768319,35.21371,2,ג
ירושלים,3000,554,503,389,19,370,0,289,0,0,0,0,0,0,0,0,0,0,0,7,0,0,0,0,0,0,0,1,1,19,0,53,"מעגלי הרי""ם לוין,27 ",31.803055,35.216529,2,ג
ירושלים,3000,555,626,425,10,415,6,219,0,0,0,0,36,0,0,0,0,1,1,42,4,0,0,0,0,3,0,0,0,35,0,68,"נטר,1 ",31.797043,35.225367,2,ג
ירושלים,3000,556,551,322,3,319,28,101,2,0,0,0,23,0,0,0,0,7,1,58,11,0,0,0,0,13,0,0,0,18,0,57,"ככר ארן זלמן,7 ",31.768319,35.21371,2,ג
ירושלים,3000,557,571,421,3,418,3,147,0,0,0,0,17,0,0,0,0,4,1,35,2,0,0,0,0,8,0,0,0,59,1,141,"נטר,1 ",31.797043,35.225367,2,ג
ירושלים,3000,558,553,406,15,391,8,125,0,0,0,0,17,0,0,0,0,4,2,46,0,1,0,1,0,8,0,0,1,56,0,122,"נטר,1 ",31.797043,35.225367,2,ג
ירושלים,3000,559,673,496,38,458,1,362,0,0,0,0,1,0,0,0,0,1,0,5,0,0,0,0,0,0,0,0,0,15,0,73,"מעגלי הרי""ם לוין,27 ",31.803055,35.216529,2,ג
ירושלים,3000,560,602,436,5,431,168,11,18,0,0,0,26,0,0,0,0,24,2,71,48,0,0,0,0,41,0,0,4,8,0,10,"לוחמי הגטאות,7 ",31.80111,35.239659,1,אמת
ירושלים,3000,561,680,379,6,373,70,38,16,0,0,0,26,0,0,0,0,20,7,82,38,1,0,0,2,28,0,0,4,25,0,16,"ההגנה,11 ",31.803522,35.23727,14,מחל
ירושלים,3000,562,556,310,1,309,73,11,15,0,0,0,22,0,0,0,0,22,11,88,35,2,0,0,0,13,0,0,2,7,1,7,"ההגנה,13 ",31.803409,35.23745,14,מחל
ירושלים,3000,563,670,425,4,421,43,100,3,0,0,0,37,0,0,0,0,11,3,99,17,0,0,0,0,11,0,1,1,40,1,54,"ככר ארן זלמן,11 ",31.768319,35.21371,2,ג
ירושלים,3000,564,461,331,7,324,1,215,0,0,0,0,6,0,0,0,0,0,0,16,1,0,0,0,0,0,0,0,1,18,0,66,"מעגלי הרי""ם לוין,27 ",31.803055,35.216529,2,ג
ירושלים,3000,565,517,332,2,330,99,16,5,0,0,0,32,0,0,0,0,18,4,74,35,1,0,0,1,25,0,1,2,10,0,7,"אצ""ל,20 ",31.801326,35.235429,1,אמת
ירושלים,3000,566,575,297,6,291,56,18,14,0,0,0,29,0,0,0,0,21,10,79,23,0,0,0,1,17,0,0,3,8,0,12,"אצ""ל,20 ",31.801326,35.235429,14,מחל
ירושלים,3000,567,736,542,0,542,61,16,0,0,0,0,58,0,0,0,0,38,31,194,17,0,0,0,0,34,0,0,2,35,0,56,"הגננת,29 ",31.729794,35.191082,14,מחל
ירושלים,3000,568,576,337,11,326,19,154,0,0,0,0,29,0,0,0,0,7,0,45,2,0,0,0,0,3,0,0,3,24,0,40,"ככר ארן זלמן,7 ",31.768319,35.21371,2,ג
ירושלים,3000,569,551,417,5,412,7,83,0,0,0,0,20,0,0,0,0,8,8,97,2,0,0,0,0,5,0,0,0,47,0,135,"נטר,1 ",31.797043,35.225367,26,שס
ירושלים,3000,572,379,242,6,236,6,57,0,0,0,0,9,0,0,0,0,10,16,59,1,0,0,0,1,11,0,0,1,12,0,53,"בלבן מאיר,6 ",31.844281,35.242217,14,מחל
ירושלים,3000,573,652,432,25,407,14,145,0,0,0,0,22,0,0,0,0,5,24,108,5,0,0,0,0,4,0,1,0,8,0,71,"שד נוה יעקב,38 ",31.838111,35.239418,2,ג
ירושלים,3000,574,583,316,10,306,8,31,5,0,0,0,9,0,0,0,0,19,22,100,1,1,0,0,1,14,0,0,2,15,0,78,"שד נוה יעקב,36 ",31.837985,35.239016,14,מחל
ירושלים,3000,575,631,444,12,432,3,109,1,0,0,0,13,0,0,0,0,5,46,97,3,0,0,0,0,8,0,0,6,13,0,128,"שד נוה יעקב,38ב",31.838274,35.236396,26,שס
ירושלים,3000,576,561,411,17,394,10,159,5,0,0,0,11,0,0,0,0,8,13,72,1,1,0,1,0,9,0,1,2,21,0,80,"בלבן מאיר,6 ",31.844281,35.242217,2,ג
ירושלים,3000,577,633,520,15,505,1,368,0,0,0,0,1,0,0,0,0,1,0,7,0,0,0,0,0,0,0,0,0,22,0,105,"מינץ,45 ",31.82313,35.192163,2,ג
ירושלים,3000,578,671,525,27,498,6,261,0,0,0,0,12,0,0,0,0,5,5,38,3,0,0,0,0,1,0,0,0,35,0,132,"מעוז,1 ",31.819983,35.202297,2,ג
ירושלים,3000,579,622,470,0,470,20,126,0,0,0,0,23,0,0,0,0,18,9,126,5,0,0,0,0,23,0,0,3,47,0,70,"בובליק גדליה,26 ",31.814752,35.202585,2,ג
ירושלים,3000,587,575,366,1,365,31,6,1,0,0,0,26,0,0,0,0,28,25,187,10,0,0,0,0,22,0,0,6,10,0,13,"קדושי בבל,22 ",31.747945,35.238176,14,מחל
ירושלים,3000,588,655,486,24,462,2,360,0,0,0,0,3,0,0,0,0,0,0,4,0,1,0,0,0,1,0,0,0,20,0,71,"מירסקי יצחק,10 ",31.820422,35.193601,2,ג
ירושלים,3000,589,570,456,18,438,5,250,0,0,0,0,5,0,0,0,0,4,0,22,1,1,0,0,0,4,0,1,0,23,0,122,"הרואה,21 ",31.768319,35.21371,2,ג
ירושלים,3000,590,704,444,3,441,42,10,3,0,0,0,74,0,0,0,0,38,18,167,14,0,0,0,0,19,0,1,3,44,0,8,"קדושי בבל,1 ",31.750548,35.23795,14,מחל
ירושלים,3000,591,721,431,4,427,50,5,1,0,0,0,38,0,0,0,0,50,32,147,19,1,0,0,0,26,0,0,10,19,1,28,"קדושי בבל,1 ",31.750548,35.23795,14,מחל
ירושלים,3000,592,540,381,2,379,50,3,0,0,0,0,30,0,0,0,0,42,14,170,8,0,0,0,0,25,0,0,1,11,0,25,"רזיאל דוד,29 ",31.750131,35.234193,14,מחל
ירושלים,3000,593,670,415,4,411,62,3,0,0,0,0,26,0,0,0,0,59,9,147,25,2,0,0,1,27,0,0,8,12,0,30,"רזיאל דוד,13 ",31.750036,35.232961,14,מחל
ירושלים,3000,594,638,418,9,409,43,36,0,0,0,0,19,2,0,0,0,25,31,155,10,0,0,0,0,24,0,0,0,19,0,45,"מבוא נטף,4 ",31.734589,35.198897,14,מחל
ירושלים,3000,595,592,333,3,330,31,37,2,0,0,0,16,0,0,0,0,14,36,103,6,0,0,0,1,12,0,0,4,27,0,41,"ורדינון,1 ",31.734894,35.199472,14,מחל
ירושלים,3000,596,645,411,1,410,44,41,0,0,0,0,26,0,0,0,0,42,21,114,1,0,0,0,0,23,0,0,5,33,0,60,"מבוא נטף,4 ",31.734589,35.198897,14,מחל
ירושלים,3000,597,512,251,5,246,22,2,2,0,0,0,34,1,0,0,0,16,19,79,5,0,0,0,0,15,0,0,3,15,0,33,"ורדינון,12 ",31.735015,35.198457,14,מחל
ירושלים,3000,598,591,409,4,405,57,5,8,0,0,0,21,0,0,0,0,42,9,163,8,0,0,0,1,33,0,1,2,22,0,33,"ורדינון,12 ",31.735015,35.198457,14,מחל
ירושלים,3000,599,644,496,38,458,1,362,0,0,0,0,1,0,0,0,0,1,0,5,0,0,0,0,0,0,0,0,0,15,0,73,"הגננת,29 ",31.729794,35.191082,2,ג
ירושלים,3000,600,723,507,4,503,38,9,4,0,0,0,37,0,0,0,0,36,11,215,6,1,0,0,0,26,0,0,3,54,0,63,"ורדינון,1 ",31.734894,35.199472,14,מחל
ירושלים,3000,603,346,91,1,90,2,0,45,0,0,0,8,0,0,0,0,2,0,9,2,1,0,0,4,0,0,0,1,16,0,0,שייח' ג'ראח,31.794043,35.233471,3,ודעם
ירושלים,3000,604,364,91,0,91,13,2,32,0,0,0,4,0,0,0,0,0,0,4,1,0,1,0,7,0,0,0,0,0,27,0,שייח' ג'ראח,31.794043,35.233471,3,ודעם
ירושלים,3000,608,357,58,1,57,6,0,42,0,0,0,0,0,0,0,0,0,0,1,2,0,0,0,6,0,0,0,0,0,0,0,שייח' ג'ראח,31.794043,35.233471,3,ודעם
ירושלים,3000,609,354,43,0,43,6,0,31,0,0,0,0,0,0,0,0,1,0,0,2,0,0,0,3,0,0,0,0,0,0,0,שייח' ג'ראח,31.794043,35.233471,3,ודעם
ירושלים,3000,613,656,488,2,486,89,2,1,0,0,0,27,0,0,0,0,59,9,156,45,2,0,0,0,62,1,0,1,14,0,18,"אדם,28 ",31.750158,35.228653,14,מחל
ירושלים,3000,614,343,47,0,47,9,0,32,0,0,0,0,0,0,0,0,0,0,0,2,0,0,0,3,0,0,0,1,0,0,0,שייח' ג'ראח,31.794043,35.233471,3,ודעם
ירושלים,3000,615,134,22,1,21,5,0,1,0,0,0,2,0,0,0,0,2,1,6,3,0,0,0,0,1,0,0,0,0,0,0,"אצ""ל,20 ",31.801326,35.235429,14,מחל
ירושלים,3000,618,345,70,0,70,3,0,44,0,0,0,5,0,0,0,0,1,1,0,2,0,0,0,4,0,0,0,0,10,0,0,שייח' ג'ראח,31.794043,35.233471,3,ודעם
ירושלים,3000,623,280,234,0,234,8,3,7,0,0,0,46,0,0,0,0,5,2,34,1,0,0,0,0,4,1,0,2,117,0,4,ירושלים,31.768319,35.21371,24,קץ
ירושלים,3000,631,440,212,3,209,3,2,193,0,0,1,0,0,0,0,0,0,0,1,4,0,0,0,4,1,0,0,0,0,0,0,בית צפפה,31.749213,35.204071,3,ודעם
ירושלים,3000,634,567,383,2,381,73,2,0,0,1,0,28,0,0,0,0,37,13,123,19,0,0,1,0,35,0,1,0,16,1,31,"קדושי בבל,22 ",31.747945,35.238176,14,מחל
ירושלים,3000,635,590,339,2,337,43,13,1,0,0,0,27,0,0,0,0,33,21,130,13,0,0,0,0,21,0,0,4,15,0,16,"קדושי בבל,22 ",31.747945,35.238176,14,מחל
ירושלים,3000,637,568,328,6,322,20,9,5,0,0,0,20,0,0,0,0,29,25,143,6,0,0,0,0,16,0,0,7,11,0,31,"קדושי בבל,22 ",31.747945,35.238176,14,מחל
ירושלים,3000,638,600,332,2,330,22,7,2,0,0,0,32,0,0,0,0,31,12,152,9,1,0,0,0,16,0,0,3,17,2,24,"קדושי בבל,22 ",31.747945,35.238176,14,מחל
ירושלים,3000,639,473,323,0,323,51,1,2,0,0,0,27,0,0,0,0,27,10,119,26,1,0,0,0,18,0,0,4,16,0,21,"רזיאל דוד,13 ",31.750036,35.232961,14,מחל
ירושלים,3000,640,533,400,2,398,74,1,1,0,0,0,21,0,0,0,0,31,20,160,11,0,0,0,0,47,0,0,5,8,0,19,"אדם,28 ",31.750158,35.228653,14,מחל
ירושלים,3000,641,629,424,1,423,50,7,0,0,0,0,38,0,0,0,0,55,19,177,9,0,0,0,0,34,0,0,1,8,0,25,"רזיאל דוד,29 ",31.750131,35.234193,14,מחל
ירושלים,3000,642,540,391,5,386,61,2,3,0,0,0,29,0,0,0,0,50,14,140,28,0,0,0,0,33,0,0,6,5,1,14,"אדם,28 ",31.750158,35.228653,14,מחל
ירושלים,3000,643,461,288,6,282,42,0,6,0,0,0,29,0,0,0,0,21,17,105,26,0,0,0,0,15,0,0,2,7,0,12,"קדושי בבל,22 ",31.747945,35.238176,14,מחל
ירושלים,3000,644,558,433,1,432,77,3,1,0,0,0,17,0,0,0,0,57,9,168,14,0,0,0,0,52,0,1,3,5,1,24,"אדם,28 ",31.750158,35.228653,14,מחל
ירושלים,3000,647,341,72,2,70,7,0,41,0,0,0,3,0,0,0,0,1,1,1,1,0,0,0,9,0,0,0,0,6,0,0,שייח' ג'ראח,31.794043,35.233471,3,ודעם
ירושלים,3000,649,605,116,1,115,11,3,0,0,0,0,27,0,0,0,0,10,4,40,9,0,0,0,0,7,0,1,0,2,0,1,"רזיאל דוד,13 ",31.750036,35.232961,14,מחל
ירושלים,3000,650,514,324,14,310,2,129,1,0,0,0,5,0,0,0,0,8,9,64,1,0,0,0,0,6,0,1,1,20,0,63,"מעגלות הרב פרדס,39 ",31.839121,35.24546,2,ג
ירושלים,3000,651,656,411,12,399,1,156,0,0,0,0,5,0,0,0,0,7,14,73,1,0,1,0,0,4,0,0,1,23,1,112,"שד נוה יעקב,38 ",31.838111,35.239418,2,ג
ירושלים,3000,652,351,46,0,46,4,1,36,0,0,0,0,0,0,0,0,0,0,1,0,0,0,1,1,2,0,0,0,0,0,0,שייח' ג'ראח,31.794043,35.233471,3,ודעם
ירושלים,3000,658.1,466,370,2,368,4,214,1,0,0,0,6,0,0,0,0,5,1,24,0,0,0,0,0,5,0,0,0,12,0,96,"מעוז,1 ",31.819983,35.202297,2,ג
ירושלים,3000,658.2,292,220,17,203,0,111,0,0,0,0,9,0,0,0,0,2,1,18,4,0,0,0,0,0,0,0,0,5,0,53,"מעוז,1 ",31.819983,35.202297,2,ג
ירושלים,3000,659,663,554,10,544,10,239,0,0,0,0,44,0,0,0,0,8,1,51,2,0,0,0,0,6,0,0,2,61,0,120,"צונדק,26 ",31.81209,35.196346,2,ג
ירושלים,3000,660,709,557,8,549,21,115,0,0,0,0,21,0,0,0,0,12,9,101,3,0,0,0,0,9,0,2,3,90,0,163,"צונדק,26 ",31.81209,35.196346,26,שס
ירושלים,3000,668,393,102,3,99,7,5,15,0,0,0,17,0,0,0,0,4,0,7,7,0,0,0,2,2,0,1,0,30,0,2,"גריק פטריאכט,26 ",31.768319,35.21371,24,קץ
ירושלים,3000,669,636,502,3,499,59,36,0,0,0,0,112,0,0,0,0,26,5,137,3,1,0,1,1,44,0,0,1,31,0,42,"אידלזון אברהם,30 ",31.818958,35.190859,14,מחל
ירושלים,3000,671,646,497,2,495,62,55,0,0,0,0,82,0,0,0,0,27,9,81,16,0,0,0,0,28,0,0,2,49,0,84,"אסירי ציון,2 ",31.813733,35.195118,26,שס
ירושלים,3000,672,646,514,23,491,22,184,0,0,0,0,40,0,0,0,0,8,0,47,0,0,0,0,0,6,0,0,2,47,0,135,"צונדק,26 ",31.81209,35.196346,2,ג
ירושלים,3000,673,649,462,5,457,36,11,0,0,0,1,38,0,0,0,1,36,23,194,11,0,0,0,0,24,0,0,8,35,0,39,"הגננת,29 ",31.729794,35.191082,14,מחל
ירושלים,3000,674,456,318,3,315,31,4,0,0,0,0,23,0,0,0,0,27,34,133,9,0,0,0,0,18,1,0,4,9,0,22,"הגננת,29 ",31.729794,35.191082,14,מחל
ירושלים,3000,675,704,523,16,507,41,11,0,0,0,1,29,0,0,0,0,50,20,223,12,0,0,0,0,22,0,0,2,21,0,75,"הגננת,29 ",31.729794,35.191082,14,מחל
ירושלים,3000,676,612,443,2,441,38,10,0,0,0,0,32,0,0,0,0,36,37,185,4,0,0,0,0,22,0,0,4,19,0,54,"מרגלית,411 ",31.728447,35.187251,14,מחל
ירושלים,3000,677,597,426,2,424,62,8,0,0,0,0,35,0,0,0,0,34,4,170,8,1,0,0,0,49,0,0,8,4,1,40,"הדולב,423 ",31.733478,35.188918,14,מחל
ירושלים,3000,678,707,471,4,467,44,3,0,0,0,0,34,0,0,0,0,47,20,209,9,0,0,0,0,45,0,0,3,19,2,32,"תירוש,9 ",31.750454,34.883861,14,מחל
ירושלים,3000,679,587,384,5,379,19,22,0,0,0,0,25,0,0,0,0,18,44,148,5,0,0,0,0,17,0,0,3,33,0,45,"ורדינון,1 ",31.734894,35.199472,14,מחל
ירושלים,3000,680,675,457,4,453,78,1,0,0,0,0,24,0,0,0,0,43,16,185,16,0,0,0,0,31,0,0,6,27,0,26,"ורדינון,12 ",31.735015,35.198457,14,מחל
ירושלים,3000,681,651,397,3,394,24,8,0,0,0,0,26,0,0,0,0,38,37,178,7,0,0,0,0,27,0,0,4,13,0,32,"מרגלית,411 ",31.728447,35.187251,14,מחל
ירושלים,3000,682,700,454,4,450,32,6,4,0,0,0,40,0,0,0,0,35,28,196,11,0,0,0,0,34,0,0,3,28,0,33,צביה ויצחק,31.732611,35.184924,14,מחל
ירושלים,3000,683,590,411,6,405,40,2,0,0,0,0,23,0,0,0,0,37,21,169,8,0,0,0,0,31,0,0,7,15,1,51,"הדולב,423 ",31.733478,35.188918,14,מחל
ירושלים,3000,684,641,443,6,437,33,8,1,1,0,0,26,0,0,0,0,42,26,196,2,0,0,0,0,24,0,0,2,20,0,56,"שוהם,526 ",31.731659,35.183855,14,מחל
ירושלים,3000,685,693,473,7,466,46,6,0,0,0,0,36,0,0,0,0,39,42,183,7,0,0,0,0,38,0,0,3,14,0,52,"שוהם,526 ",31.731659,35.183855,14,מחל
ירושלים,3000,686,728,548,1,547,113,6,2,0,0,0,30,0,0,0,0,62,12,195,17,2,0,0,0,75,0,0,4,9,0,20,"הדולב,423 ",31.733478,35.188918,14,מחל
ירושלים,3000,687,714,514,10,504,54,8,0,0,0,0,39,0,0,0,0,42,7,196,11,1,0,0,0,57,0,0,5,40,1,43,"תירוש,9 ",31.750454,34.883861,14,מחל
ירושלים,3000,688,679,433,7,426,28,10,1,0,1,0,22,0,0,0,0,25,28,178,13,0,1,0,0,30,0,1,6,25,0,57,"הדולב,423 ",31.733478,35.188918,14,מחל
ירושלים,3000,689,763,543,1,542,46,14,0,0,0,0,95,0,0,0,0,29,25,176,9,1,0,1,0,23,0,0,7,60,1,55,"תירוש,9 ",31.750454,34.883861,14,מחל
ירושלים,3000,690,135,49,0,49,4,0,0,0,0,0,2,0,0,0,0,4,1,30,2,0,0,0,0,3,0,0,0,0,0,3,"דרך בית לחם,113 ",31.749646,35.217267,14,מחל
ירושלים,3000,691,691,401,4,397,33,10,0,0,0,0,26,0,0,0,0,22,33,171,5,1,0,0,0,21,0,0,1,16,0,58,"מרגלית,411 ",31.728447,35.187251,14,מחל
ירושלים,3000,692,695,485,3,482,57,9,0,0,0,0,36,0,0,0,0,30,10,217,12,0,0,0,0,31,0,1,2,23,0,54,"הדולב,423 ",31.733478,35.188918,14,מחל
ירושלים,3000,693,753,563,3,560,66,5,4,0,0,0,45,0,0,0,0,56,18,264,8,0,0,0,0,48,0,0,3,16,0,27,צביה ויצחק,31.732611,35.184924,14,מחל
ירושלים,3000,694,731,537,8,529,0,395,0,0,0,0,10,0,0,0,0,1,0,13,0,0,0,0,0,0,0,0,5,22,0,83,"מעגלות הרב פרדס,39 ",31.839121,35.24546,2,ג
ירושלים,3000,697,601,485,20,465,1,191,0,0,0,0,2,0,0,0,0,1,0,9,1,0,0,0,0,1,0,3,2,65,0,189,"הרב פניז'ל,2 ",31.842923,35.244859,2,ג
ירושלים,3000,698,418,294,9,285,5,63,0,0,0,0,10,0,0,0,0,9,13,107,0,1,0,0,0,7,0,2,1,10,0,57,"שד נוה יעקב,38ב",31.838274,35.236396,14,מחל
ירושלים,3000,699,620,432,11,421,7,150,0,0,0,0,11,0,0,0,0,10,10,83,1,0,0,0,0,9,0,3,2,17,0,118,"מעגלות הרב פרדס,39 ",31.839121,35.24546,2,ג
ירושלים,3000,700,672,481,20,461,6,184,3,0,0,0,11,0,0,0,0,9,14,113,1,0,0,0,0,8,0,0,0,25,0,87,"בלבן מאיר,6 ",31.844281,35.242217,2,ג
ירושלים,3000,701,678,414,10,404,8,105,1,0,0,0,11,0,0,0,0,11,31,91,1,0,0,0,0,7,0,0,1,24,0,113,"שד נוה יעקב,38 ",31.838111,35.239418,26,שס
ירושלים,3000,702,419,288,13,275,6,110,0,0,0,0,9,0,0,0,0,1,21,55,1,0,0,0,0,3,0,1,2,12,0,54,"הרב פניז'ל,2 ",31.842923,35.244859,2,ג
ירושלים,3000,703,661,535,18,517,0,342,1,0,0,0,3,0,0,0,0,1,0,5,0,0,0,0,0,0,0,1,0,44,0,120,"מעגלות הרב פרדס,39 ",31.839121,35.24546,2,ג
ירושלים,3000,704,473,350,11,339,6,127,0,0,0,0,24,1,0,0,0,9,5,58,2,0,0,0,0,5,0,0,2,22,0,78,"הרב פניז'ל,2 ",31.842923,35.244859,2,ג
ירושלים,3000,705,719,545,14,531,13,157,0,0,0,0,90,0,0,0,0,15,10,69,1,0,0,0,0,6,0,0,2,55,0,113,"מעוז,1 ",31.819983,35.202297,2,ג
ירושלים,3000,706,639,499,3,496,56,49,0,0,0,0,76,0,0,0,0,16,3,152,17,0,0,0,0,33,0,0,2,36,0,56,"צונדק,1 ",31.81042,35.200112,14,מחל
ירושלים,3000,707,614,490,17,473,7,255,0,0,0,0,7,0,0,0,0,2,2,33,0,0,0,0,0,0,0,2,1,38,0,126,"מעוז,1 ",31.819983,35.202297,2,ג
ירושלים,3000,708,532,408,6,402,23,87,0,1,0,0,28,0,0,0,0,11,1,72,1,0,0,1,0,7,0,0,2,51,0,117,"צונדק,26 ",31.81209,35.196346,26,שס
ירושלים,3000,709,445,323,0,323,80,12,0,0,0,0,76,0,0,0,0,8,2,80,19,0,0,0,0,15,0,0,0,14,0,17,"אסירי ציון,2 ",31.813733,35.195118,1,אמת
ירושלים,3000,710,677,487,17,470,6,159,0,0,0,0,17,0,0,0,0,7,12,64,4,0,0,0,0,5,0,0,1,41,0,154,"בובליק גדליה,26 ",31.814752,35.202585,2,ג
ירושלים,3000,711,708,594,24,570,6,265,0,0,0,0,23,0,0,0,0,3,0,40,4,0,0,0,0,1,2,1,0,52,0,173,"אידלזון אברהם,30 ",31.818958,35.190859,2,ג
ירושלים,3000,712,667,476,6,470,3,220,5,0,0,0,10,0,0,0,0,4,4,42,3,1,0,0,0,1,0,0,3,35,0,139,"הרב פניז'ל,2 ",31.842923,35.244859,2,ג
ירושלים,3000,713,506,349,17,332,15,105,4,0,0,0,13,0,0,0,0,17,18,84,4,0,0,0,0,6,0,0,1,9,0,56,"בלבן מאיר,6 ",31.844281,35.242217,2,ג
ירושלים,3000,714,583,374,9,365,9,103,2,0,0,0,20,0,0,0,0,9,22,75,3,0,1,0,0,10,0,1,1,19,0,90,"שד נוה יעקב,36 ",31.837985,35.239016,2,ג
ירושלים,3000,715,636,419,3,416,137,7,17,0,0,0,21,0,0,0,0,24,8,89,57,1,0,0,0,26,0,1,1,12,0,15,"לוחמי הגטאות,7 ",31.80111,35.239659,1,אמת
ירושלים,3000,716,484,282,0,282,87,2,7,0,0,0,14,0,0,0,0,20,11,55,48,1,0,0,1,22,0,0,4,5,0,5,"אצ""ל,20 ",31.801326,35.235429,1,אמת
ירושלים,3000,717,573,402,4,398,36,28,0,0,0,0,54,0,0,0,0,17,2,111,10,1,0,0,0,16,0,0,2,63,0,58,"צונדק,1 ",31.81042,35.200112,14,מחל
ירושלים,3000,718,292,233,2,231,8,20,0,0,0,0,34,0,0,0,0,8,1,82,3,0,0,0,0,3,0,0,4,24,1,43,"מעלות כיסופים,5 ",31.768319,35.21371,14,מחל
ירושלים,3000,719,728,566,20,546,15,234,0,0,0,0,22,0,0,0,0,17,3,61,5,1,0,0,0,9,0,1,5,43,0,130,"רקנטי אברהם,6 ",31.817206,35.19289,2,ג
ירושלים,3000,720,621,467,4,463,39,9,0,0,0,0,26,0,0,0,0,41,49,212,7,0,0,0,1,17,0,0,7,16,0,39,"השישה עשר,19 ",31.827691,35.241803,14,מחל
ירושלים,3000,721,685,478,6,472,37,5,5,0,0,0,33,0,0,0,0,34,45,198,9,0,0,1,0,28,0,0,4,25,0,48,"השישה עשר,19 ",31.827691,35.241803,14,מחל
ירושלים,3000,722,555,407,7,400,28,3,3,0,0,0,45,0,0,0,0,24,48,165,3,0,0,0,0,17,0,0,2,19,0,43,"השישה עשר,19 ",31.827691,35.241803,14,מחל
ירושלים,3000,723,692,490,2,488,26,2,7,0,0,0,21,0,0,0,0,29,25,226,7,0,0,0,2,27,0,1,5,43,0,67,"השישה עשר,34 ",31.829333,35.245552,14,מחל
ירושלים,3000,724,724,472,5,467,39,10,6,0,0,0,34,0,0,0,0,31,45,185,8,0,0,0,0,16,0,1,0,33,0,59,"השישה עשר,34 ",31.829333,35.245552,14,מחל
ירושלים,3000,725,655,460,3,457,41,16,1,0,0,0,27,0,0,0,0,36,27,183,8,0,0,0,0,21,0,0,4,23,0,70,"השישה עשר,34 ",31.829333,35.245552,14,מחל
ירושלים,3000,726,680,482,6,476,36,8,1,0,0,0,37,0,0,0,0,36,59,175,8,2,0,0,0,19,0,0,5,14,0,76,"חיל האויר,60 ",31.829784,35.239908,14,מחל
ירושלים,3000,727,713,481,1,480,35,8,5,0,0,0,59,0,0,0,0,42,27,183,16,0,0,0,1,23,0,0,4,40,0,37,"השישה עשר,32 ",31.829139,35.245373,14,מחל
ירושלים,3000,728,556,397,7,390,26,5,6,0,0,0,21,0,0,0,0,29,119,134,3,0,0,0,0,19,0,0,4,10,0,14,"חיל האויר,60 ",31.829784,35.239908,14,מחל
ירושלים,3000,729,623,449,5,444,18,15,2,0,0,0,26,0,0,0,0,18,73,185,0,0,0,0,1,32,0,0,1,19,0,54,"מזל טלה,11 ",31.834812,35.235647,14,מחל
ירושלים,3000,730,640,467,4,463,72,4,2,1,0,0,37,1,0,0,0,65,18,159,17,0,0,0,0,50,0,0,4,10,1,22,"תמיר שמואל,74 ",31.820235,35.23695,14,מחל
ירושלים,3000,731,644,466,4,462,17,7,1,0,0,0,44,0,0,0,0,34,44,224,7,0,0,0,0,24,0,0,10,16,0,34,"מזל טלה,11 ",31.834812,35.235647,14,מחל
ירושלים,3000,732,493,365,2,363,43,0,0,0,0,0,30,0,0,0,0,30,15,164,7,0,0,0,0,35,0,0,3,8,0,28,"תמיר שמואל,74 ",31.820235,35.23695,14,מחל
ירושלים,3000,733,645,477,5,472,59,3,0,0,0,0,49,0,0,0,0,39,25,202,5,2,0,0,0,25,0,0,3,18,0,42,"רחמילביץ משה,1 ",31.822243,35.23826,14,מחל
ירושלים,3000,734,700,537,0,537,41,8,0,0,0,0,49,0,0,0,0,59,31,251,4,0,0,1,0,32,0,0,4,19,0,38,"גרשון מאיר,21 ",31.819165,35.244854,14,מחל
ירושלים,3000,735,669,497,4,493,35,12,0,0,0,0,77,0,0,0,0,27,17,187,8,1,1,0,0,19,0,0,5,59,0,45,"טוניק יצחק,21 ",31.820547,35.252187,14,מחל
ירושלים,3000,736,698,497,3,494,29,11,0,0,0,1,34,0,0,0,0,36,64,201,14,2,0,0,0,36,0,0,4,14,1,47,"גרשון מאיר,21 ",31.819165,35.244854,14,מחל
ירושלים,3000,737,561,428,2,426,31,10,0,0,0,0,36,0,0,0,0,37,17,197,10,0,0,0,0,28,0,0,2,20,1,37,"רחמילביץ משה,1 ",31.822243,35.23826,14,מחל
ירושלים,3000,738,708,499,3,496,45,11,0,0,0,0,65,0,0,0,0,32,41,210,9,1,0,0,0,21,0,0,4,16,0,41,"גרשון מאיר,26 ",31.819393,35.24676,14,מחל
ירושלים,3000,739,710,508,5,503,34,7,0,0,0,0,62,0,0,0,0,31,34,211,9,0,0,0,0,20,0,0,3,46,0,46,"טוניק יצחק,21 ",31.820547,35.252187,14,מחל
ירושלים,3000,740,628,442,2,440,21,11,0,0,0,0,47,0,0,0,0,18,20,199,10,0,0,0,0,15,0,0,6,24,0,69,"גרשון מאיר,21 ",31.819165,35.244854,14,מחל
ירושלים,3000,742,344,49,0,49,2,0,30,0,1,0,0,0,0,0,1,0,1,2,1,0,0,0,11,0,0,0,0,0,0,0,שייח' ג'ראח,31.794043,35.233471,3,ודעם
ירושלים,3000,743,656,483,0,483,18,6,0,0,0,0,76,0,0,0,0,20,15,209,3,1,0,0,0,24,0,0,3,47,0,61,"גרשון מאיר,26 ",31.819393,35.24676,14,מחל
ירושלים,3000,744,604,475,3,472,41,6,0,0,0,0,74,0,0,0,0,26,16,207,5,0,0,0,0,36,0,0,4,18,0,39,"טוניק יצחק,21 ",31.820547,35.252187,14,מחל
ירושלים,3000,745,584,405,5,400,15,5,5,0,0,0,26,0,0,0,0,15,57,191,4,1,0,0,0,18,0,0,6,11,0,46,"מזל דלי,21 ",31.833712,35.233721,14,מחל
ירושלים,3000,746,462,331,6,325,12,6,3,0,0,0,18,0,0,0,0,16,52,140,7,0,0,0,1,14,0,0,4,12,0,40,"מזל דלי,21 ",31.833712,35.233721,14,מחל
ירושלים,3000,747,752,537,8,529,28,6,0,0,0,0,46,0,0,0,0,31,32,275,2,0,0,0,0,25,0,0,7,27,1,49,"נדבה יוסף,47 ",31.815894,35.251724,14,מחל
ירושלים,3000,748,739,539,7,532,28,3,2,0,0,0,56,0,0,0,0,45,47,240,4,0,0,0,0,24,0,0,5,24,0,54,"גרשון מאיר,26 ",31.819393,35.24676,14,מחל
ירושלים,3000,749,681,532,7,525,30,8,0,0,0,0,49,0,0,0,0,33,33,234,8,0,0,0,1,26,0,0,3,29,1,70,"נדבה יוסף,47 ",31.815894,35.251724,14,מחל
ירושלים,3000,750,750,551,8,543,30,5,1,0,0,0,59,1,0,0,0,46,48,254,4,1,0,0,0,28,0,0,3,31,0,32,"גרשון מאיר,26 ",31.819393,35.24676,14,מחל
ירושלים,3000,751,625,474,2,472,34,4,0,0,1,0,66,0,0,0,0,30,11,225,5,0,0,0,0,13,0,0,6,35,0,42,"נדבה יוסף,47 ",31.815894,35.251724,14,מחל
ירושלים,3000,752,491,364,5,359,26,8,0,0,0,0,27,0,0,0,0,18,49,153,4,0,0,0,0,34,0,0,2,13,0,25,"טוניק יצחק,21 ",31.820547,35.252187,14,מחל
ירושלים,3000,753,755,560,4,556,32,8,0,0,0,0,84,0,0,0,0,34,54,221,3,0,0,0,0,27,2,0,3,29,0,59,"טוניק יצחק,21 ",31.820547,35.252187,14,מחל
ירושלים,3000,754,676,492,1,491,33,5,4,0,0,0,92,0,0,0,0,36,6,223,11,1,0,0,0,33,0,0,3,17,0,27,"טוניק יצחק,21 ",31.820547,35.252187,14,מחל
ירושלים,3000,755,611,440,3,437,55,1,0,0,0,0,31,0,0,0,0,51,29,188,10,1,0,0,0,36,0,0,6,10,0,19,"רחמילביץ משה,1 ",31.822243,35.23826,14,מחל
ירושלים,3000,756,536,407,2,405,50,1,3,0,0,1,42,0,0,0,0,42,24,165,9,0,0,0,0,37,0,0,7,8,1,15,"תמיר שמואל,74 ",31.820235,35.23695,14,מחל
ירושלים,3000,757,673,462,5,457,31,5,3,0,0,0,30,0,0,0,0,32,33,188,6,0,0,0,0,29,1,0,7,20,0,72,"השישה עשר,19 ",31.827691,35.241803,14,מחל
ירושלים,3000,758,605,395,7,388,23,6,2,0,0,0,26,0,0,0,0,29,44,160,3,2,0,0,0,23,0,0,3,30,0,37,"מזל טלה,11 ",31.834812,35.235647,14,מחל
ירושלים,3000,759,600,422,1,421,31,9,2,0,0,0,28,0,0,0,0,29,34,179,8,0,0,0,0,29,0,0,3,16,0,53,"השישה עשר,32 ",31.829139,35.245373,14,מחל
ירושלים,3000,760,532,355,19,336,17,30,0,0,0,0,17,0,0,0,0,13,55,111,6,0,0,0,0,11,1,1,3,17,1,53,"שד נוה יעקב,38 ",31.838111,35.239418,14,מחל
ירושלים,3000,761,527,353,6,347,9,121,2,0,0,0,16,0,0,0,0,12,12,64,3,0,0,0,0,4,0,0,0,20,0,84,"בלבן מאיר,6 ",31.844281,35.242217,2,ג
ירושלים,3000,762,525,424,5,419,0,245,0,0,0,0,1,0,0,0,0,0,0,6,0,0,0,0,0,0,0,0,2,41,0,124,"מעגלות הרב פרדס,39 ",31.839121,35.24546,2,ג
ירושלים,3000,763,565,440,3,437,30,3,1,0,0,0,36,0,0,0,0,32,47,203,4,0,0,0,0,24,0,0,4,18,0,35,"מזל טלה,11 ",31.834812,35.235647,14,מחל
ירושלים,3000,764,620,459,0,459,47,4,2,0,0,0,54,0,0,0,0,46,33,171,6,0,0,0,1,35,0,0,3,27,0,30,"רחמילביץ משה,1 ",31.822243,35.23826,14,מחל
ירושלים,3000,765,411,319,5,314,16,4,1,0,0,0,23,0,0,0,0,15,32,132,0,0,1,0,0,16,0,0,3,23,1,47,"מזל דלי,21 ",31.833712,35.233721,14,מחל
ירושלים,3000,766,547,412,5,407,17,6,7,0,0,0,29,0,0,0,0,21,56,184,5,0,1,0,0,17,0,1,3,8,0,52,"מזל דלי,21 ",31.833712,35.233721,14,מחל
ירושלים,3000,767,404,286,0,286,63,14,3,0,0,0,56,0,0,0,0,18,1,63,20,1,0,0,1,26,0,0,1,12,1,6,"צונדק,1 ",31.81042,35.200112,1,אמת
ירושלים,3000,768,721,561,2,559,22,3,2,0,0,0,74,0,0,0,0,49,10,262,1,1,0,0,0,19,0,0,1,36,0,79,"קורן אליהו,18 ",31.722523,35.224926,14,מחל
ירושלים,3000,769,536,464,14,450,0,236,0,0,0,0,11,0,0,0,0,1,0,16,0,0,0,0,0,0,0,0,1,49,0,136,"אידלזון אברהם,30 ",31.818958,35.190859,2,ג
ירושלים,3000,770,429,333,2,331,21,7,3,0,0,0,36,0,0,0,0,27,18,129,7,0,0,0,0,24,0,0,5,13,0,41,"חיל האויר,60 ",31.829784,35.239908,14,מחל
ירושלים,3000,771,655,530,34,496,2,300,0,0,0,0,3,0,0,0,0,4,1,37,1,0,0,0,0,2,0,0,1,32,0,113,"הרואה,21 ",31.768319,35.21371,2,ג
ירושלים,3000,772,735,631,26,605,0,425,0,0,0,0,2,0,0,0,0,2,0,5,0,1,0,0,0,0,0,0,3,24,0,143,"מירסקי יצחק,10 ",31.820422,35.193601,2,ג
ירושלים,3000,773,719,580,7,573,40,209,0,0,0,0,25,0,0,0,0,17,4,90,10,0,0,0,0,17,0,0,1,33,0,127,"בובליק גדליה,26 ",31.814752,35.202585,2,ג
ירושלים,3000,774,530,400,3,397,45,66,0,0,0,0,46,0,0,0,0,20,3,76,9,4,0,0,0,32,0,1,3,41,0,51,"בובליק גדליה,26 ",31.814752,35.202585,14,מחל
ירושלים,3000,775.1,457,385,18,367,0,265,0,0,0,0,4,0,0,0,0,1,0,1,0,0,0,0,0,0,0,4,0,27,0,65,"מירסקי יצחק,10 ",31.820422,35.193601,2,ג
ירושלים,3000,775.2,316,253,13,240,0,211,0,0,0,0,0,0,0,0,0,0,0,2,0,0,0,0,0,0,0,0,0,4,0,23,"מירסקי יצחק,10 ",31.820422,35.193601,2,ג
ירושלים,3000,776,710,556,2,554,6,45,0,1,0,0,207,0,0,0,0,8,3,141,4,1,0,0,0,14,0,0,0,60,0,64,"מעוז,1 ",31.819983,35.202297,7,טב
ירושלים,3000,777,639,521,18,503,8,218,0,0,0,0,11,0,0,0,0,5,26,61,0,0,0,0,0,5,0,0,0,41,0,128,"מעלות כיסופים,5 ",31.768319,35.21371,2,ג
ירושלים,3000,778,490,426,10,416,6,187,0,0,0,0,20,0,0,0,0,3,0,36,1,0,0,0,0,6,0,0,1,38,0,118,"אידלזון אברהם,30 ",31.818958,35.190859,2,ג
ירושלים,3000,779,704,606,25,581,2,398,0,0,0,0,3,0,0,0,0,1,0,9,1,0,0,0,0,0,0,0,0,36,0,131,"שד גולדה מאיר,474 ",31.811481,35.203018,2,ג
ירושלים,3000,780,613,498,7,491,38,95,1,0,0,0,63,0,0,0,0,27,2,88,11,1,0,0,0,18,0,0,0,39,0,108,"אסירי ציון,2 ",31.813733,35.195118,26,שס
ירושלים,3000,781,732,561,4,557,13,90,0,0,0,0,38,0,0,0,0,18,9,111,2,0,0,0,0,24,0,0,2,69,0,181,"אסירי ציון,2 ",31.813733,35.195118,26,שס
ירושלים,3000,782,645,475,3,472,55,18,0,0,0,0,102,0,0,0,0,14,4,138,24,0,0,1,0,27,0,0,6,55,0,28,"צונדק,1 ",31.81042,35.200112,14,מחל
ירושלים,3000,783,705,517,20,497,0,410,0,0,0,0,2,0,0,0,0,1,0,6,1,0,0,0,0,0,0,2,2,19,0,54,"שד גולדה מאיר,474 ",31.811481,35.203018,2,ג
ירושלים,3000,784,709,548,23,525,1,296,0,0,0,0,13,0,0,0,0,1,0,33,0,0,0,0,0,1,0,0,1,85,0,94,"שד גולדה מאיר,474 ",31.811481,35.203018,2,ג
ירושלים,3000,785,484,410,11,399,1,243,0,0,0,0,4,0,0,0,0,0,0,5,0,0,0,0,0,1,0,2,1,31,0,111,"מינץ,45 ",31.82313,35.192163,2,ג
ירושלים,3000,786,572,434,18,416,0,211,0,0,0,0,5,0,0,0,0,4,0,9,0,0,0,0,0,0,0,0,0,42,0,145,"רקנטי אברהם,345 ",31.819839,35.188235,2,ג
ירושלים,3000,787,655,510,3,507,9,69,0,0,1,0,77,0,0,0,0,17,4,130,8,0,0,0,0,14,0,1,3,40,0,134,"רקנטי אברהם,345 ",31.819839,35.188235,26,שס
ירושלים,3000,788,705,522,3,519,30,26,0,0,0,1,103,0,0,0,0,14,4,167,9,0,0,0,0,33,0,2,5,48,0,77,"אידלזון אברהם,30 ",31.818958,35.190859,14,מחל
ירושלים,3000,789,605,478,2,476,36,37,0,0,0,0,128,0,0,0,0,17,6,122,14,1,0,0,0,43,0,1,1,38,0,32,"צונדק,26 ",31.81209,35.196346,7,טב
ירושלים,3000,790,751,599,0,599,35,5,0,0,0,0,94,0,0,0,0,50,7,291,8,0,0,0,0,31,0,0,7,31,0,40,"נדבה יוסף,47 ",31.815894,35.251724,14,מחל
ירושלים,3000,791,521,450,9,441,1,255,0,0,0,0,4,0,0,0,0,1,0,6,0,0,0,0,0,0,0,0,2,27,1,144,"מינץ,45 ",31.82313,35.192163,2,ג
ירושלים,3000,792,511,390,14,376,0,273,0,0,0,0,3,0,0,0,0,1,0,8,0,0,0,0,0,0,0,1,1,16,0,73,"מעגלות הרב פרדס,39 ",31.839121,35.24546,2,ג
ירושלים,3000,793,619,503,5,498,25,3,0,0,0,0,72,0,0,0,0,40,10,250,4,0,0,0,0,9,0,0,3,53,0,29,"אביגור שאול,7 ",31.723727,35.219573,14,מחל
ירושלים,3000,794,709,576,0,576,33,8,0,0,0,0,76,0,0,0,0,31,7,255,4,0,0,0,0,22,0,1,1,81,0,57,הרב בינה אריה,31.724217,35.217102,14,מחל
ירושלים,3000,795,444,378,3,375,21,76,1,0,0,0,31,0,0,0,0,18,0,98,3,1,0,0,0,9,0,0,1,31,0,85,"מעלות כיסופים,5 ",31.768319,35.21371,14,מחל
ירושלים,3000,796,744,620,4,616,104,3,0,0,0,0,55,0,0,0,0,42,13,258,27,1,0,0,0,82,0,1,2,14,0,14,"בית""ר,8 ",31.754071,35.22444,14,מחל
ירושלים,3000,797,483,355,2,353,23,2,4,0,0,0,48,0,0,0,0,36,8,158,4,0,0,0,1,31,0,0,1,17,0,20,"טוניק יצחק,21 ",31.820547,35.252187,14,מחל
ירושלים,3000,800,559,488,5,483,2,155,0,0,0,0,4,0,0,0,0,0,0,5,0,0,0,0,0,1,0,0,0,62,0,254,"קהילות יעקב,15 ",31.811074,35.217763,26,שס
ירושלים,3000,801,704,639,18,621,0,385,0,0,0,0,2,0,0,0,0,1,1,4,1,0,0,1,0,0,0,0,0,46,0,180,"קהילות יעקב,15 ",31.811074,35.217763,2,ג
ירושלים,3000,802,748,609,17,592,2,337,0,0,0,0,5,0,0,0,0,1,0,17,1,0,0,1,0,0,0,0,1,69,0,158,"קהילות יעקב,10 ",31.811027,35.218635,2,ג
ירושלים,3000,803,505,333,4,329,1,273,0,0,0,0,2,0,0,0,0,0,1,4,1,0,0,0,0,0,0,0,0,19,0,28,"הרב קלכהיים עוזי,1 ",31.810481,35.22122,2,ג
ירושלים,3000,804,702,600,21,579,1,442,0,0,0,0,5,0,0,0,0,2,1,15,0,0,0,0,0,1,0,0,0,24,0,88,אגרות משה,31.693611,35.107802,2,ג
ירושלים,3000,805,490,419,12,407,2,261,0,0,0,0,4,0,0,0,0,1,0,5,0,0,0,0,0,0,0,1,0,29,0,104,"קהילות יעקב,15 ",31.811074,35.217763,2,ג
ירושלים,3000,806,739,626,10,616,0,100,0,0,0,0,66,0,0,0,0,1,0,27,0,0,0,0,0,0,0,0,1,104,0,317,"הרב קלכהיים עוזי,1 ",31.810481,35.22122,26,שס
ירושלים,3000,807,476,417,10,407,0,268,0,0,0,0,0,0,0,0,0,0,1,1,0,0,0,0,0,1,0,0,1,33,0,102,אגרות משה,31.693611,35.107802,2,ג
ירושלים,3000,808,546,418,7,411,1,195,0,0,0,0,15,0,0,0,0,0,0,16,0,0,0,0,0,0,0,0,0,151,0,33,אגרות משה,31.693611,35.107802,2,ג
ירושלים,3000,809,711,616,24,592,0,460,0,0,0,0,0,0,0,0,0,0,1,3,2,0,0,0,0,0,0,0,0,32,0,94,"חזון איש,62 ",31.809844,35.218551,2,ג
ירושלים,3000,810,605,536,12,524,1,238,1,0,0,0,4,0,0,0,0,2,0,11,0,1,0,0,0,1,0,1,1,60,1,202,"חזון איש,62 ",31.809844,35.218551,2,ג
ירושלים,3000,811,666,584,15,569,3,486,0,0,0,0,2,0,0,0,0,0,0,2,0,0,0,0,0,0,0,0,1,19,0,56,"קהילות יעקב,10 ",31.811027,35.218635,2,ג
ירושלים,3000,812,728,624,15,609,0,348,0,0,0,0,4,0,0,0,0,2,1,14,0,1,1,0,0,0,0,1,1,65,0,171,"קהילות יעקב,10 ",31.811027,35.218635,2,ג
ירושלים,3000,813,380,237,1,236,38,9,3,0,0,0,27,0,0,0,0,15,2,59,28,0,0,1,0,10,0,0,7,22,0,15,"הלל,17 ",31.780313,35.217301,14,מחל
ירושלים,3000,814,296,210,0,210,54,5,1,0,0,0,7,0,0,0,0,16,2,65,37,0,0,0,0,17,0,0,0,3,0,3,"התומר,5 ",31.779765,35.186367,14,מחל
ירושלים,3000,815,465,336,0,336,36,2,1,0,0,0,24,0,0,0,0,39,4,145,15,0,0,0,0,21,0,0,4,25,0,20,"גרינולד,8 ",31.757517,35.176046,14,מחל
ירושלים,3000,816,403,314,2,312,108,1,0,0,0,0,16,0,0,0,0,18,8,58,53,0,0,0,0,36,0,0,2,6,0,6,"זנגויל,29 ",31.763046,35.177721,1,אמת
ירושלים,3000,817,517,375,4,371,121,4,0,0,0,0,30,0,0,0,0,21,10,86,28,0,0,0,0,55,0,0,4,6,0,6,"שד שרת משה,1 ",31.756411,35.183839,1,אמת
ירושלים,3000,818,371,245,0,245,24,2,1,0,0,0,20,0,0,0,0,17,1,126,3,1,0,0,0,10,0,0,2,9,0,29,"אליעזר הגדול,4 ",31.755092,35.204774,14,מחל
ירושלים,3000,819,513,393,5,388,33,3,1,0,0,1,54,0,0,0,0,25,3,201,7,2,0,0,0,25,0,0,0,20,0,13,"גנרל קניג פייר,16 ",31.755844,35.214574,14,מחל
ירושלים,3000,820,467,295,2,293,17,10,0,0,0,0,24,0,0,0,0,24,29,118,8,0,0,0,0,13,0,2,4,10,0,34,"הגננת,29 ",31.729794,35.191082,14,מחל
ירושלים,3000,821,485,312,5,307,17,2,0,0,0,0,19,0,0,0,0,14,17,158,4,0,0,0,0,20,0,0,2,9,0,45,"הגננת,29 ",31.729794,35.191082,14,מחל
ירושלים,3000,822,533,395,3,392,10,48,1,0,0,0,145,0,0,0,0,5,0,46,4,0,0,0,0,2,0,1,1,116,0,13,בתי מחסה,31.774366,35.233272,7,טב
ירושלים,3000,823,662,465,4,461,76,13,0,0,0,0,23,0,0,0,0,40,14,181,20,0,0,0,1,48,0,0,4,13,0,28,"מבוא נטף,4 ",31.734589,35.198897,14,מחל
ירושלים,3000,824,690,517,4,513,61,3,3,0,0,0,43,0,1,0,0,44,17,225,15,1,0,0,0,18,0,0,4,25,1,52,"ורדינון,1 ",31.734894,35.199472,14,מחל
ירושלים,3000,825,410,288,3,285,30,9,0,0,0,0,35,0,0,0,0,29,14,91,7,0,0,0,0,27,0,0,6,12,0,25,"מבוא נטף,4 ",31.734589,35.198897,14,מחל
ירושלים,3000,826,682,496,2,494,80,1,0,0,0,0,39,0,0,0,0,46,23,191,20,2,0,0,0,48,0,2,7,8,0,27,"הדולב,423 ",31.733478,35.188918,14,מחל
ירושלים,3000,830,460,371,0,371,29,5,0,0,0,0,46,0,0,0,0,25,1,185,6,0,0,0,0,10,1,0,3,24,0,36,"תירוש,9 ",31.750454,34.883861,14,מחל
ירושלים,3000,831,473,353,0,353,55,3,1,0,0,0,32,0,0,0,0,35,4,160,8,0,0,0,0,30,0,0,5,6,0,14,"תירוש,9 ",31.750454,34.883861,14,מחל
ירושלים,3000,849,570,459,13,446,2,157,0,0,0,0,87,0,0,0,0,2,0,36,0,0,0,0,0,0,0,0,0,89,0,73,"ויטל חיים,32 ",31.789271,35.191792,2,ג
ירושלים,3000,850,628,518,0,518,22,2,0,0,0,0,95,0,0,0,0,35,5,224,3,1,0,0,0,26,0,0,3,65,0,37,"אביגור שאול,9 ",31.72338,35.219417,14,מחל
ירושלים,3000,851,652,533,3,530,16,3,1,0,0,0,96,0,0,0,0,31,9,267,2,0,0,1,0,22,0,0,3,53,0,26,"אביגור שאול,9 ",31.72338,35.219417,14,מחל
ירושלים,3000,852,715,563,3,560,34,4,0,0,0,0,60,0,0,0,0,45,19,301,1,0,0,1,0,24,1,0,1,37,0,32,"אביגור שאול,9 ",31.72338,35.219417,14,מחל
ירושלים,3000,853,771,592,2,590,13,7,0,0,0,0,112,0,0,0,0,44,11,244,2,1,0,0,0,13,0,0,2,101,0,40,"הרב ניסים יצחק,3 ",31.726311,35.223606,14,מחל
ירושלים,3000,854,616,518,2,516,27,2,0,0,0,0,57,0,0,0,0,47,8,240,1,0,0,0,0,22,0,0,2,64,0,46,"אביגור שאול,7 ",31.723727,35.219573,14,מחל
ירושלים,3000,855,425,345,0,345,14,0,0,0,0,0,101,0,0,0,0,18,0,132,0,0,0,0,0,13,0,0,2,48,0,17,"הרב ניסים יצחק,3 ",31.726311,35.223606,14,מחל
ירושלים,3000,856,513,404,2,402,19,3,0,0,0,0,73,0,0,0,0,22,1,167,0,0,0,0,0,27,0,0,1,56,0,33,"הרב ניסים יצחק,3 ",31.726311,35.223606,14,מחל
ירושלים,3000,857,580,474,15,459,16,5,0,0,0,0,86,0,0,0,0,32,11,217,2,0,0,0,0,23,0,1,7,30,0,29,"אביגור שאול,9 ",31.72338,35.219417,14,מחל
ירושלים,3000,858,584,451,1,450,24,8,0,0,0,0,88,0,0,0,0,30,13,175,6,0,0,0,0,15,0,0,0,52,0,39,"אביגור שאול,9 ",31.72338,35.219417,14,מחל
ירושלים,3000,859,756,602,2,600,28,3,0,0,0,0,44,0,0,0,0,62,7,328,4,0,0,1,0,32,0,0,4,31,0,56,הרב בינה אריה,31.724217,35.217102,14,מחל
ירושלים,3000,860,739,605,5,600,26,3,0,0,0,0,62,0,0,0,0,42,9,323,3,0,0,1,0,23,0,0,4,38,0,66,"קורן אליהו,18 ",31.722523,35.224926,14,מחל
ירושלים,3000,861,573,385,10,375,3,182,0,0,0,0,12,0,0,0,0,1,0,47,0,1,0,0,0,1,0,0,0,43,0,85,"נטר,1 ",31.797043,35.225367,2,ג
ירושלים,3000,862,568,391,0,391,25,4,27,0,0,0,37,0,0,0,0,36,15,165,12,0,0,0,3,20,0,0,2,20,0,25,"יוסי בן יועזר,24 ",31.754478,35.206796,14,מחל
ירושלים,3000,863,494,417,1,416,64,2,0,0,0,0,33,0,0,0,0,49,9,191,6,2,0,0,0,46,0,0,7,2,0,5,"אדם,28 ",31.750158,35.228653,14,מחל
ירושלים,3000,864,657,561,2,559,38,4,0,0,0,0,43,0,0,0,0,57,8,259,3,0,0,1,0,36,0,0,3,51,0,56,"קורן אליהו,18 ",31.722523,35.224926,14,מחל
ירושלים,3000,870,729,549,4,545,91,3,5,0,0,0,62,0,0,0,0,49,7,216,32,1,0,0,0,47,1,0,6,13,0,12,"בית""ר,8 ",31.754071,35.22444,14,מחל
ירושלים,3000,952,389,295,4,291,37,6,0,0,0,0,32,0,0,0,0,21,7,121,12,0,0,0,0,16,0,0,4,29,0,6,"בן לברט,15 ",31.770876,35.20999,14,מחל
ירושלים,3000,958,649,384,5,379,107,2,18,0,0,0,27,0,0,0,0,9,3,100,73,0,0,0,0,16,0,0,5,12,1,6,"נחשון,11 ",31.764225,35.22618,1,אמת
ירושלים,3000,959,594,497,1,496,12,6,0,0,0,0,104,0,0,0,0,29,6,162,0,1,0,0,0,13,0,0,1,121,0,41,"הרב ניסים יצחק,3 ",31.726311,35.223606,14,מחל
ירושלים,3000,960,771,605,5,600,135,2,9,0,0,1,37,0,0,0,0,54,7,229,34,1,0,0,1,73,0,0,0,8,0,9,"בית""ר,8 ",31.754071,35.22444,14,מחל
ירושלים,3000,964,627,470,2,468,68,5,0,0,0,0,22,0,0,0,0,43,9,218,13,0,0,0,0,63,0,0,4,12,0,11,"תירוש,9 ",31.750454,34.883861,14,מחל
ירושלים,3000,965,526,358,3,355,60,2,1,0,0,0,52,0,0,0,0,15,10,164,15,0,0,0,0,19,0,2,1,8,0,6,"בית""ר,8 ",31.754071,35.22444,14,מחל
ירושלים,3000,966,186,51,1,50,1,1,1,0,0,0,8,0,0,0,0,0,0,23,1,0,0,0,0,0,0,0,0,15,0,0,"רבי עקיבא,11 ",31.779047,35.217942,14,מחל
ירושלים,3000,967,449,346,2,344,101,5,6,0,0,0,20,0,0,0,0,19,9,80,28,0,0,0,0,46,0,0,4,8,1,17,"מוצא תחתית,1א",31.768319,35.21371,1,אמת
ירושלים,3000,968,486,335,6,329,28,6,1,0,0,0,25,0,0,0,0,23,35,134,12,1,0,0,0,26,0,0,1,7,1,29,"חיל האויר,60 ",31.829784,35.239908,14,מחל
ירושלים,3000,969,413,298,1,297,24,0,0,0,0,0,16,0,0,0,0,31,26,152,0,0,0,0,0,13,0,0,4,14,0,17,"רחמילביץ משה,1 ",31.822243,35.23826,14,מחל
ירושלים,3000,970,459,308,1,307,58,4,5,0,0,0,26,0,0,0,0,26,2,95,45,0,0,0,0,30,0,1,5,7,0,3,"בית הערבה,7 ",31.750161,35.221764,14,מחל
ירושלים,3000,972,403,293,1,292,110,2,1,0,0,0,14,0,0,0,0,22,8,51,43,0,0,0,0,38,0,0,1,2,0,0,"החלוץ,47 ",31.77704,35.190838,1,אמת
ירושלים,3000,973,499,386,4,382,87,6,4,0,0,0,23,0,0,0,0,24,4,140,11,0,0,0,0,58,0,1,2,13,1,8,"חכמי יוסף,28א",31.765496,35.189055,14,מחל
ירושלים,3000,974,593,495,14,481,0,384,0,0,0,0,0,0,0,0,0,0,1,1,0,0,0,0,0,2,0,0,1,16,1,75,"חזון איש,62 ",31.809844,35.218551,2,ג
ירושלים,3000,991,345,55,1,54,1,0,38,0,0,0,0,0,0,0,0,0,1,3,5,0,0,0,6,0,0,0,0,0,0,0,שייח' ג'ראח,31.794043,35.233471,3,ודעם
ירושלים,3000,994,340,41,0,41,0,0,31,0,1,0,0,1,0,0,1,1,0,0,2,0,0,1,2,0,0,0,0,0,0,1,שייח' ג'ראח,31.794043,35.233471,3,ודעם
ירושלים,3000,996,341,55,0,55,6,0,37,0,0,0,0,0,0,0,0,3,0,0,1,0,0,0,5,1,0,0,0,0,0,2,שייח' ג'ראח,31.794043,35.233471,3,ודעם
ירושלים,3000,997,351,59,0,59,3,0,39,0,0,0,0,0,0,0,0,0,0,0,5,0,0,0,11,0,0,0,0,0,0,1,שייח' ג'ראח,31.794043,35.233471,3,ודעם
